experiment_id,config_sha256,corpus,model,seed,n_topics,n_documents,document_ids_sha256,ingest_preprocess_seconds_shared,encoder_model_load_seconds_shared,representation_seconds_cold_reference,representation_reference_path,representation_kind,fit_seconds,pipeline_seconds,total_cold_seconds,metric_seconds,status,error,wec_in,topic_diversity,c_npmi,alphabetic_term_rate,topic_count_returned,min_topic_term_count
s3-cafebert-vietnamese-full-v1,4bbba1f8131d9c8ed741219255d2985be219ecc9b9368ad84e025bcac1cd840b,vietnamese-news,s3_axial,11,10,858,4a69f5df5cc5cee9d68d807eca0f7d5d3c4bd2c42a1637f8e83d3247819a1c7d,1.9639413500008231,4.211881200011703,93.08472159999656,E:\Development\NLP_S3\benchmark\cafebert_full\results\representation_cache\vietnamese-news_858_3de6721497631976a304.npy,cafebert_mean_encode,7.412198699996225,100.49692029999278,106.6727428500053,0.06206019999808632,ok,,0.9944360017776489,0.76,-0.43659753605354024,1.0,10,10
s3-cafebert-vietnamese-full-v1,4bbba1f8131d9c8ed741219255d2985be219ecc9b9368ad84e025bcac1cd840b,vietnamese-news,s3_angular,11,10,858,4a69f5df5cc5cee9d68d807eca0f7d5d3c4bd2c42a1637f8e83d3247819a1c7d,1.9639413500008231,4.211881200011703,93.08472159999656,E:\Development\NLP_S3\benchmark\cafebert_full\results\representation_cache\vietnamese-news_858_3de6721497631976a304.npy,cafebert_mean_encode,7.412824999992154,100.49754659998871,106.67336915000124,0.05789799999911338,ok,,0.9939307510852814,0.76,-0.4510694529086747,1.0,10,10
s3-cafebert-vietnamese-full-v1,4bbba1f8131d9c8ed741219255d2985be219ecc9b9368ad84e025bcac1cd840b,vietnamese-news,s3_combined,11,10,858,4a69f5df5cc5cee9d68d807eca0f7d5d3c4bd2c42a1637f8e83d3247819a1c7d,1.9639413500008231,4.211881200011703,93.08472159999656,E:\Development\NLP_S3\benchmark\cafebert_full\results\representation_cache\vietnamese-news_858_3de6721497631976a304.npy,cafebert_mean_encode,7.4127700999961235,100.49749169999268,106.6733142500052,0.06517800000438001,ok,,0.9943074882030487,0.78,-0.4600769669601522,1.0,10,10
s3-cafebert-vietnamese-full-v1,4bbba1f8131d9c8ed741219255d2985be219ecc9b9368ad84e025bcac1cd840b,vietnamese-news,lda,11,10,858,4a69f5df5cc5cee9d68d807eca0f7d5d3c4bd2c42a1637f8e83d3247819a1c7d,1.9639413500008231,0.0,0.006810499995481223,E:\Development\NLP_S3\benchmark\cafebert_full\results\representation_cache\vietnamese-news_858_4a69f5df5cc5_lexical.npz,countvectorizer_fit_transform,0.5849588999990374,0.5917693999945186,2.5557107499953418,0.06792610000411514,ok,,0.9984716653823853,0.69,0.017094371641830624,1.0,10,10
s3-cafebert-vietnamese-full-v1,4bbba1f8131d9c8ed741219255d2985be219ecc9b9368ad84e025bcac1cd840b,vietnamese-news,nmf,11,10,858,4a69f5df5cc5cee9d68d807eca0f7d5d3c4bd2c42a1637f8e83d3247819a1c7d,1.9639413500008231,0.0,0.006810499995481223,E:\Development\NLP_S3\benchmark\cafebert_full\results\representation_cache\vietnamese-news_858_4a69f5df5cc5_lexical.npz,countvectorizer_fit_transform,0.01821609999751672,0.025026599992997944,1.988967949993821,0.06474709999747574,ok,,0.997777670621872,0.82,0.14413858040459707,1.0,10,10
s3-cafebert-vietnamese-full-v1,4bbba1f8131d9c8ed741219255d2985be219ecc9b9368ad84e025bcac1cd840b,vietnamese-news,bertopic_kmeans,11,10,858,4a69f5df5cc5cee9d68d807eca0f7d5d3c4bd2c42a1637f8e83d3247819a1c7d,1.9639413500008231,4.211881200011703,93.08472159999656,E:\Development\NLP_S3\benchmark\cafebert_full\results\representation_cache\vietnamese-news_858_3de6721497631976a304.npy,cafebert_mean_encode,9.822010199990473,102.90673179998703,109.08255434999955,0.03267499999492429,ok,,0.9662136104371812,0.8,-0.10325934461028728,1.0,10,10
s3-cafebert-vietnamese-full-v1,4bbba1f8131d9c8ed741219255d2985be219ecc9b9368ad84e025bcac1cd840b,vietnamese-news,s3_angular,11,20,858,4a69f5df5cc5cee9d68d807eca0f7d5d3c4bd2c42a1637f8e83d3247819a1c7d,1.9639413500008231,4.211881200011703,93.08472159999656,E:\Development\NLP_S3\benchmark\cafebert_full\results\representation_cache\vietnamese-news_858_3de6721497631976a304.npy,cafebert_mean_encode,0.16114549999474548,93.2458670999913,99.42168965000383,0.09793150000041351,ok,,0.9937296897172928,0.615,-0.43779327378679744,1.0,20,10
s3-cafebert-vietnamese-full-v1,4bbba1f8131d9c8ed741219255d2985be219ecc9b9368ad84e025bcac1cd840b,vietnamese-news,s3_combined,11,20,858,4a69f5df5cc5cee9d68d807eca0f7d5d3c4bd2c42a1637f8e83d3247819a1c7d,1.9639413500008231,4.211881200011703,93.08472159999656,E:\Development\NLP_S3\benchmark\cafebert_full\results\representation_cache\vietnamese-news_858_3de6721497631976a304.npy,cafebert_mean_encode,0.1611101000016788,93.24583169999823,99.42165425001076,0.09857639999245293,ok,,0.9937618881464004,0.62,-0.43394702192153767,1.0,20,10
s3-cafebert-vietnamese-full-v1,4bbba1f8131d9c8ed741219255d2985be219ecc9b9368ad84e025bcac1cd840b,vietnamese-news,lda,11,20,858,4a69f5df5cc5cee9d68d807eca0f7d5d3c4bd2c42a1637f8e83d3247819a1c7d,1.9639413500008231,0.0,0.006810499995481223,E:\Development\NLP_S3\benchmark\cafebert_full\results\representation_cache\vietnamese-news_858_4a69f5df5cc5_lexical.npz,countvectorizer_fit_transform,0.5966442999924766,0.6034547999879578,2.567396149988781,0.11147850000998005,ok,,0.9976245194673539,0.64,0.09481274983151042,1.0,20,10
s3-cafebert-vietnamese-full-v1,4bbba1f8131d9c8ed741219255d2985be219ecc9b9368ad84e025bcac1cd840b,vietnamese-news,nmf,11,20,858,4a69f5df5cc5cee9d68d807eca0f7d5d3c4bd2c42a1637f8e83d3247819a1c7d,1.9639413500008231,0.0,0.006810499995481223,E:\Development\NLP_S3\benchmark\cafebert_full\results\representation_cache\vietnamese-news_858_4a69f5df5cc5_lexical.npz,countvectorizer_fit_transform,0.06415089999791235,0.07096139999339357,2.0349027499942167,0.14697529999830294,ok,,0.99729582965374,0.735,0.21689693556387696,1.0,20,10
s3-cafebert-vietnamese-full-v1,4bbba1f8131d9c8ed741219255d2985be219ecc9b9368ad84e025bcac1cd840b,vietnamese-news,bertopic_kmeans,11,20,858,4a69f5df5cc5cee9d68d807eca0f7d5d3c4bd2c42a1637f8e83d3247819a1c7d,1.9639413500008231,4.211881200011703,93.08472159999656,E:\Development\NLP_S3\benchmark\cafebert_full\results\representation_cache\vietnamese-news_858_3de6721497631976a304.npy,cafebert_mean_encode,2.054466000001412,95.13918759999797,101.3150101500105,0.07516969999414869,ok,,0.9515892221377447,0.675,-0.2794672879358041,1.0,20,10
s3-cafebert-vietnamese-full-v1,4bbba1f8131d9c8ed741219255d2985be219ecc9b9368ad84e025bcac1cd840b,vietnamese-news,s3_axial,11,20,858,4a69f5df5cc5cee9d68d807eca0f7d5d3c4bd2c42a1637f8e83d3247819a1c7d,1.9639413500008231,4.211881200011703,93.08472159999656,E:\Development\NLP_S3\benchmark\cafebert_full\results\representation_cache\vietnamese-news_858_3de6721497631976a304.npy,cafebert_mean_encode,0.16050250000262167,93.24522409999918,99.4210466500117,0.11529819999122992,ok,,0.9937290221452713,0.64,-0.43575674912164064,1.0,20,10
s3-cafebert-vietnamese-full-v1,4bbba1f8131d9c8ed741219255d2985be219ecc9b9368ad84e025bcac1cd840b,vietnamese-news,s3_combined,11,30,858,4a69f5df5cc5cee9d68d807eca0f7d5d3c4bd2c42a1637f8e83d3247819a1c7d,1.9639413500008231,4.211881200011703,93.08472159999656,E:\Development\NLP_S3\benchmark\cafebert_full\results\representation_cache\vietnamese-news_858_3de6721497631976a304.npy,cafebert_mean_encode,0.20198489999165758,93.28670649998821,99.46252905000074,0.21850940000149421,ok,,0.9936781585216522,0.53,-0.41477778420410844,1.0,30,10
s3-cafebert-vietnamese-full-v1,4bbba1f8131d9c8ed741219255d2985be219ecc9b9368ad84e025bcac1cd840b,vietnamese-news,lda,11,30,858,4a69f5df5cc5cee9d68d807eca0f7d5d3c4bd2c42a1637f8e83d3247819a1c7d,1.9639413500008231,0.0,0.006810499995481223,E:\Development\NLP_S3\benchmark\cafebert_full\results\representation_cache\vietnamese-news_858_4a69f5df5cc5_lexical.npz,countvectorizer_fit_transform,0.6228881999995792,0.6296986999950605,2.5936400499958836,0.1647437999927206,ok,,0.9969423870245616,0.6,0.0972924179800691,1.0,30,10
s3-cafebert-vietnamese-full-v1,4bbba1f8131d9c8ed741219255d2985be219ecc9b9368ad84e025bcac1cd840b,vietnamese-news,nmf,11,30,858,4a69f5df5cc5cee9d68d807eca0f7d5d3c4bd2c42a1637f8e83d3247819a1c7d,1.9639413500008231,0.0,0.006810499995481223,E:\Development\NLP_S3\benchmark\cafebert_full\results\representation_cache\vietnamese-news_858_4a69f5df5cc5_lexical.npz,countvectorizer_fit_transform,0.17036010000447277,0.177170599999954,2.141111950000777,0.16938050001044758,ok,,0.9963817556699117,0.6333333333333333,0.1436695659573251,1.0,30,10
s3-cafebert-vietnamese-full-v1,4bbba1f8131d9c8ed741219255d2985be219ecc9b9368ad84e025bcac1cd840b,vietnamese-news,bertopic_kmeans,11,30,858,4a69f5df5cc5cee9d68d807eca0f7d5d3c4bd2c42a1637f8e83d3247819a1c7d,1.9639413500008231,4.211881200011703,93.08472159999656,E:\Development\NLP_S3\benchmark\cafebert_full\results\representation_cache\vietnamese-news_858_3de6721497631976a304.npy,cafebert_mean_encode,1.9417950000060955,95.02651660000265,101.20233915001518,0.036288200004491955,ok,,0.96183792501688,0.57,-0.11586620444808411,1.0,30,10
s3-cafebert-vietnamese-full-v1,4bbba1f8131d9c8ed741219255d2985be219ecc9b9368ad84e025bcac1cd840b,vietnamese-news,s3_axial,11,30,858,4a69f5df5cc5cee9d68d807eca0f7d5d3c4bd2c42a1637f8e83d3247819a1c7d,1.9639413500008231,4.211881200011703,93.08472159999656,E:\Development\NLP_S3\benchmark\cafebert_full\results\representation_cache\vietnamese-news_858_3de6721497631976a304.npy,cafebert_mean_encode,0.2013765999872703,93.28609819998383,99.46192074999635,0.15716650000831578,ok,,0.9938826660315195,0.5166666666666667,-0.41796376439293437,1.0,30,10
s3-cafebert-vietnamese-full-v1,4bbba1f8131d9c8ed741219255d2985be219ecc9b9368ad84e025bcac1cd840b,vietnamese-news,s3_angular,11,30,858,4a69f5df5cc5cee9d68d807eca0f7d5d3c4bd2c42a1637f8e83d3247819a1c7d,1.9639413500008231,4.211881200011703,93.08472159999656,E:\Development\NLP_S3\benchmark\cafebert_full\results\representation_cache\vietnamese-news_858_3de6721497631976a304.npy,cafebert_mean_encode,0.20207589998608455,93.28679749998264,99.46262004999517,0.14300009999715257,ok,,0.9936884760856628,0.5366666666666666,-0.4138550085625704,1.0,30,10
s3-cafebert-vietnamese-full-v1,4bbba1f8131d9c8ed741219255d2985be219ecc9b9368ad84e025bcac1cd840b,vietnamese-news,lda,11,40,858,4a69f5df5cc5cee9d68d807eca0f7d5d3c4bd2c42a1637f8e83d3247819a1c7d,1.9639413500008231,0.0,0.006810499995481223,E:\Development\NLP_S3\benchmark\cafebert_full\results\representation_cache\vietnamese-news_858_4a69f5df5cc5_lexical.npz,countvectorizer_fit_transform,0.5952048000035575,0.6020152999990387,2.565956649999862,0.2000862999993842,ok,,0.9966164529323578,0.535,0.11690265339543068,1.0,40,10
s3-cafebert-vietnamese-full-v1,4bbba1f8131d9c8ed741219255d2985be219ecc9b9368ad84e025bcac1cd840b,vietnamese-news,nmf,11,40,858,4a69f5df5cc5cee9d68d807eca0f7d5d3c4bd2c42a1637f8e83d3247819a1c7d,1.9639413500008231,0.0,0.006810499995481223,E:\Development\NLP_S3\benchmark\cafebert_full\results\representation_cache\vietnamese-news_858_4a69f5df5cc5_lexical.npz,countvectorizer_fit_transform,0.2125975999952061,0.21940809999068733,2.1833494499915105,0.2253616000089096,ok,,0.9959760516881943,0.54,0.10655954496758699,1.0,40,10
s3-cafebert-vietnamese-full-v1,4bbba1f8131d9c8ed741219255d2985be219ecc9b9368ad84e025bcac1cd840b,vietnamese-news,bertopic_kmeans,11,40,858,4a69f5df5cc5cee9d68d807eca0f7d5d3c4bd2c42a1637f8e83d3247819a1c7d,1.9639413500008231,4.211881200011703,93.08472159999656,E:\Development\NLP_S3\benchmark\cafebert_full\results\representation_cache\vietnamese-news_858_3de6721497631976a304.npy,cafebert_mean_encode,1.9640781999914907,95.04879979998805,101.22462235000057,0.036931900001945905,ok,,0.9422636218369007,0.5075,-0.09010552643948391,0.9975,40,10
s3-cafebert-vietnamese-full-v1,4bbba1f8131d9c8ed741219255d2985be219ecc9b9368ad84e025bcac1cd840b,vietnamese-news,s3_axial,11,40,858,4a69f5df5cc5cee9d68d807eca0f7d5d3c4bd2c42a1637f8e83d3247819a1c7d,1.9639413500008231,4.211881200011703,93.08472159999656,E:\Development\NLP_S3\benchmark\cafebert_full\results\representation_cache\vietnamese-news_858_3de6721497631976a304.npy,cafebert_mean_encode,0.20782860000326764,93.29255019999982,99.46837275001235,0.1872711000032723,ok,,0.9930619791150093,0.415,-0.4811150883373904,1.0,40,10
s3-cafebert-vietnamese-full-v1,4bbba1f8131d9c8ed741219255d2985be219ecc9b9368ad84e025bcac1cd840b,vietnamese-news,s3_angular,11,40,858,4a69f5df5cc5cee9d68d807eca0f7d5d3c4bd2c42a1637f8e83d3247819a1c7d,1.9639413500008231,4.211881200011703,93.08472159999656,E:\Development\NLP_S3\benchmark\cafebert_full\results\representation_cache\vietnamese-news_858_3de6721497631976a304.npy,cafebert_mean_encode,0.20877500000642613,93.29349660000298,99.46931915001551,0.193232599995099,ok,,0.9932907238602638,0.445,-0.47976680927929644,1.0,40,10
s3-cafebert-vietnamese-full-v1,4bbba1f8131d9c8ed741219255d2985be219ecc9b9368ad84e025bcac1cd840b,vietnamese-news,s3_combined,11,40,858,4a69f5df5cc5cee9d68d807eca0f7d5d3c4bd2c42a1637f8e83d3247819a1c7d,1.9639413500008231,4.211881200011703,93.08472159999656,E:\Development\NLP_S3\benchmark\cafebert_full\results\representation_cache\vietnamese-news_858_3de6721497631976a304.npy,cafebert_mean_encode,0.2094851000001654,93.29420669999672,99.47002925000925,0.20936099998652935,ok,,0.9933508887887001,0.435,-0.48533980250337877,1.0,40,10
s3-cafebert-vietnamese-full-v1,4bbba1f8131d9c8ed741219255d2985be219ecc9b9368ad84e025bcac1cd840b,vietnamese-news,nmf,11,50,858,4a69f5df5cc5cee9d68d807eca0f7d5d3c4bd2c42a1637f8e83d3247819a1c7d,1.9639413500008231,0.0,0.006810499995481223,E:\Development\NLP_S3\benchmark\cafebert_full\results\representation_cache\vietnamese-news_858_4a69f5df5cc5_lexical.npz,countvectorizer_fit_transform,0.4629726999992272,0.4697831999947084,2.4337245499955316,0.2533083999878727,ok,,0.995376102924347,0.476,0.0915840329896212,1.0,50,10
s3-cafebert-vietnamese-full-v1,4bbba1f8131d9c8ed741219255d2985be219ecc9b9368ad84e025bcac1cd840b,vietnamese-news,bertopic_kmeans,11,50,858,4a69f5df5cc5cee9d68d807eca0f7d5d3c4bd2c42a1637f8e83d3247819a1c7d,1.9639413500008231,4.211881200011703,93.08472159999656,E:\Development\NLP_S3\benchmark\cafebert_full\results\representation_cache\vietnamese-news_858_3de6721497631976a304.npy,cafebert_mean_encode,2.095404600011534,95.18012620000809,101.35594875002062,0.04272699999273755,ok,,0.9398478327727899,0.438,-0.049564778047101056,0.994,50,10
s3-cafebert-vietnamese-full-v1,4bbba1f8131d9c8ed741219255d2985be219ecc9b9368ad84e025bcac1cd840b,vietnamese-news,s3_axial,11,50,858,4a69f5df5cc5cee9d68d807eca0f7d5d3c4bd2c42a1637f8e83d3247819a1c7d,1.9639413500008231,4.211881200011703,93.08472159999656,E:\Development\NLP_S3\benchmark\cafebert_full\results\representation_cache\vietnamese-news_858_3de6721497631976a304.npy,cafebert_mean_encode,0.3756939000013517,93.46041549999791,99.63623805001043,0.22781019999820273,ok,,0.9938003289699554,0.378,-0.46008939973906854,1.0,50,10
s3-cafebert-vietnamese-full-v1,4bbba1f8131d9c8ed741219255d2985be219ecc9b9368ad84e025bcac1cd840b,vietnamese-news,s3_angular,11,50,858,4a69f5df5cc5cee9d68d807eca0f7d5d3c4bd2c42a1637f8e83d3247819a1c7d,1.9639413500008231,4.211881200011703,93.08472159999656,E:\Development\NLP_S3\benchmark\cafebert_full\results\representation_cache\vietnamese-news_858_3de6721497631976a304.npy,cafebert_mean_encode,0.37636680000287015,93.46108839999943,99.63691095001195,0.22289279999677092,ok,,0.9938589417934418,0.386,-0.4618822786886131,1.0,50,10
s3-cafebert-vietnamese-full-v1,4bbba1f8131d9c8ed741219255d2985be219ecc9b9368ad84e025bcac1cd840b,vietnamese-news,s3_combined,11,50,858,4a69f5df5cc5cee9d68d807eca0f7d5d3c4bd2c42a1637f8e83d3247819a1c7d,1.9639413500008231,4.211881200011703,93.08472159999656,E:\Development\NLP_S3\benchmark\cafebert_full\results\representation_cache\vietnamese-news_858_3de6721497631976a304.npy,cafebert_mean_encode,0.37632089998805895,93.46104249998461,99.63686504999714,0.20978940000350121,ok,,0.9938723111152649,0.386,-0.46499851881872845,1.0,50,10
s3-cafebert-vietnamese-full-v1,4bbba1f8131d9c8ed741219255d2985be219ecc9b9368ad84e025bcac1cd840b,vietnamese-news,lda,11,50,858,4a69f5df5cc5cee9d68d807eca0f7d5d3c4bd2c42a1637f8e83d3247819a1c7d,1.9639413500008231,0.0,0.006810499995481223,E:\Development\NLP_S3\benchmark\cafebert_full\results\representation_cache\vietnamese-news_858_4a69f5df5cc5_lexical.npz,countvectorizer_fit_transform,0.6109037999995053,0.6177142999949865,2.5816556499958097,0.24731079999764916,ok,,0.9966622817516327,0.462,0.1326756999887477,1.0,50,10
s3-cafebert-vietnamese-full-v1,4bbba1f8131d9c8ed741219255d2985be219ecc9b9368ad84e025bcac1cd840b,vietnamese-news,s3_axial,29,10,858,4a69f5df5cc5cee9d68d807eca0f7d5d3c4bd2c42a1637f8e83d3247819a1c7d,1.9639413500008231,4.211881200011703,93.08472159999656,E:\Development\NLP_S3\benchmark\cafebert_full\results\representation_cache\vietnamese-news_858_3de6721497631976a304.npy,cafebert_mean_encode,0.33340099998167716,93.41812259997823,99.59394514999076,0.06007039999531116,ok,,0.9940266072750091,0.65,-0.47316375346032935,1.0,10,10
s3-cafebert-vietnamese-full-v1,4bbba1f8131d9c8ed741219255d2985be219ecc9b9368ad84e025bcac1cd840b,vietnamese-news,s3_angular,29,10,858,4a69f5df5cc5cee9d68d807eca0f7d5d3c4bd2c42a1637f8e83d3247819a1c7d,1.9639413500008231,4.211881200011703,93.08472159999656,E:\Development\NLP_S3\benchmark\cafebert_full\results\representation_cache\vietnamese-news_858_3de6721497631976a304.npy,cafebert_mean_encode,0.33403299999190494,93.41875459998846,99.59457715000099,0.0570636999909766,ok,,0.9941973268985749,0.69,-0.48292029074753773,1.0,10,10
s3-cafebert-vietnamese-full-v1,4bbba1f8131d9c8ed741219255d2985be219ecc9b9368ad84e025bcac1cd840b,vietnamese-news,s3_combined,29,10,858,4a69f5df5cc5cee9d68d807eca0f7d5d3c4bd2c42a1637f8e83d3247819a1c7d,1.9639413500008231,4.211881200011703,93.08472159999656,E:\Development\NLP_S3\benchmark\cafebert_full\results\representation_cache\vietnamese-news_858_3de6721497631976a304.npy,cafebert_mean_encode,0.3340752999938559,93.41879689999041,99.59461945000294,0.05772850000357721,ok,,0.9942070305347442,0.66,-0.47149807421811846,1.0,10,10
s3-cafebert-vietnamese-full-v1,4bbba1f8131d9c8ed741219255d2985be219ecc9b9368ad84e025bcac1cd840b,vietnamese-news,lda,29,10,858,4a69f5df5cc5cee9d68d807eca0f7d5d3c4bd2c42a1637f8e83d3247819a1c7d,1.9639413500008231,0.0,0.006810499995481223,E:\Development\NLP_S3\benchmark\cafebert_full\results\representation_cache\vietnamese-news_858_4a69f5df5cc5_lexical.npz,countvectorizer_fit_transform,0.6232798999990337,0.6300903999945149,2.594031749995338,0.07563999999547377,ok,,0.9983717799186707,0.75,0.018118153743957276,1.0,10,10
s3-cafebert-vietnamese-full-v1,4bbba1f8131d9c8ed741219255d2985be219ecc9b9368ad84e025bcac1cd840b,vietnamese-news,nmf,29,10,858,4a69f5df5cc5cee9d68d807eca0f7d5d3c4bd2c42a1637f8e83d3247819a1c7d,1.9639413500008231,0.0,0.006810499995481223,E:\Development\NLP_S3\benchmark\cafebert_full\results\representation_cache\vietnamese-news_858_4a69f5df5cc5_lexical.npz,countvectorizer_fit_transform,0.019180500006768852,0.025991000002250075,1.9899323500030732,0.07876689999829978,ok,,0.997777670621872,0.82,0.14413858040459707,1.0,10,10
s3-cafebert-vietnamese-full-v1,4bbba1f8131d9c8ed741219255d2985be219ecc9b9368ad84e025bcac1cd840b,vietnamese-news,bertopic_kmeans,29,10,858,4a69f5df5cc5cee9d68d807eca0f7d5d3c4bd2c42a1637f8e83d3247819a1c7d,1.9639413500008231,4.211881200011703,93.08472159999656,E:\Development\NLP_S3\benchmark\cafebert_full\results\representation_cache\vietnamese-news_858_3de6721497631976a304.npy,cafebert_mean_encode,1.8967205000080867,94.98144210000464,101.15726465001717,0.030975400004535913,ok,,0.962931290268898,0.78,-0.032712196393804335,1.0,10,10
s3-cafebert-vietnamese-full-v1,4bbba1f8131d9c8ed741219255d2985be219ecc9b9368ad84e025bcac1cd840b,vietnamese-news,s3_angular,29,20,858,4a69f5df5cc5cee9d68d807eca0f7d5d3c4bd2c42a1637f8e83d3247819a1c7d,1.9639413500008231,4.211881200011703,93.08472159999656,E:\Development\NLP_S3\benchmark\cafebert_full\results\representation_cache\vietnamese-news_858_3de6721497631976a304.npy,cafebert_mean_encode,0.3610301000153413,93.4457517000119,99.62157425002442,0.11487679999845568,ok,,0.9931016325950622,0.635,-0.47280107251431325,1.0,20,10
s3-cafebert-vietnamese-full-v1,4bbba1f8131d9c8ed741219255d2985be219ecc9b9368ad84e025bcac1cd840b,vietnamese-news,s3_combined,29,20,858,4a69f5df5cc5cee9d68d807eca0f7d5d3c4bd2c42a1637f8e83d3247819a1c7d,1.9639413500008231,4.211881200011703,93.08472159999656,E:\Development\NLP_S3\benchmark\cafebert_full\results\representation_cache\vietnamese-news_858_3de6721497631976a304.npy,cafebert_mean_encode,0.36108890001196414,93.44581050000852,99.62163305002105,0.11207119999744464,ok,,0.9928578197956085,0.625,-0.4668928243948155,1.0,20,10
s3-cafebert-vietnamese-full-v1,4bbba1f8131d9c8ed741219255d2985be219ecc9b9368ad84e025bcac1cd840b,vietnamese-news,lda,29,20,858,4a69f5df5cc5cee9d68d807eca0f7d5d3c4bd2c42a1637f8e83d3247819a1c7d,1.9639413500008231,0.0,0.006810499995481223,E:\Development\NLP_S3\benchmark\cafebert_full\results\representation_cache\vietnamese-news_858_4a69f5df5cc5_lexical.npz,countvectorizer_fit_transform,0.6214611000032164,0.6282715999986976,2.592212949999521,0.12126499999430962,ok,,0.9974940270185471,0.65,0.091413714565049,1.0,20,10
s3-cafebert-vietnamese-full-v1,4bbba1f8131d9c8ed741219255d2985be219ecc9b9368ad84e025bcac1cd840b,vietnamese-news,nmf,29,20,858,4a69f5df5cc5cee9d68d807eca0f7d5d3c4bd2c42a1637f8e83d3247819a1c7d,1.9639413500008231,0.0,0.006810499995481223,E:\Development\NLP_S3\benchmark\cafebert_full\results\representation_cache\vietnamese-news_858_4a69f5df5cc5_lexical.npz,countvectorizer_fit_transform,0.04555080000136513,0.052361299996846355,2.0163026499976695,0.12769979999575298,ok,,0.99729582965374,0.735,0.21689693556387696,1.0,20,10
s3-cafebert-vietnamese-full-v1,4bbba1f8131d9c8ed741219255d2985be219ecc9b9368ad84e025bcac1cd840b,vietnamese-news,bertopic_kmeans,29,20,858,4a69f5df5cc5cee9d68d807eca0f7d5d3c4bd2c42a1637f8e83d3247819a1c7d,1.9639413500008231,4.211881200011703,93.08472159999656,E:\Development\NLP_S3\benchmark\cafebert_full\results\representation_cache\vietnamese-news_858_3de6721497631976a304.npy,cafebert_mean_encode,2.011884399995324,95.09660599999188,101.2724285500044,0.034931200003484264,ok,,0.9515892221377447,0.675,-0.2794672879358041,1.0,20,10
s3-cafebert-vietnamese-full-v1,4bbba1f8131d9c8ed741219255d2985be219ecc9b9368ad84e025bcac1cd840b,vietnamese-news,s3_axial,29,20,858,4a69f5df5cc5cee9d68d807eca0f7d5d3c4bd2c42a1637f8e83d3247819a1c7d,1.9639413500008231,4.211881200011703,93.08472159999656,E:\Development\NLP_S3\benchmark\cafebert_full\results\representation_cache\vietnamese-news_858_3de6721497631976a304.npy,cafebert_mean_encode,0.3604366000072332,93.44515820000379,99.62098075001632,0.10920799999439623,ok,,0.992824587225914,0.615,-0.47005516714899914,1.0,20,10
s3-cafebert-vietnamese-full-v1,4bbba1f8131d9c8ed741219255d2985be219ecc9b9368ad84e025bcac1cd840b,vietnamese-news,s3_combined,29,30,858,4a69f5df5cc5cee9d68d807eca0f7d5d3c4bd2c42a1637f8e83d3247819a1c7d,1.9639413500008231,4.211881200011703,93.08472159999656,E:\Development\NLP_S3\benchmark\cafebert_full\results\representation_cache\vietnamese-news_858_3de6721497631976a304.npy,cafebert_mean_encode,0.23298229998908937,93.31770389998564,99.49352644999817,0.16867299999285024,ok,,0.9930434544881185,0.5033333333333333,-0.45107373270572276,1.0,30,10
s3-cafebert-vietnamese-full-v1,4bbba1f8131d9c8ed741219255d2985be219ecc9b9368ad84e025bcac1cd840b,vietnamese-news,lda,29,30,858,4a69f5df5cc5cee9d68d807eca0f7d5d3c4bd2c42a1637f8e83d3247819a1c7d,1.9639413500008231,0.0,0.006810499995481223,E:\Development\NLP_S3\benchmark\cafebert_full\results\representation_cache\vietnamese-news_858_4a69f5df5cc5_lexical.npz,countvectorizer_fit_transform,0.5874490999995032,0.5942595999949845,2.5582009499958076,0.16068319999612868,ok,,0.997117680311203,0.56,0.05627978723102541,1.0,30,10
s3-cafebert-vietnamese-full-v1,4bbba1f8131d9c8ed741219255d2985be219ecc9b9368ad84e025bcac1cd840b,vietnamese-news,nmf,29,30,858,4a69f5df5cc5cee9d68d807eca0f7d5d3c4bd2c42a1637f8e83d3247819a1c7d,1.9639413500008231,0.0,0.006810499995481223,E:\Development\NLP_S3\benchmark\cafebert_full\results\representation_cache\vietnamese-news_858_4a69f5df5cc5_lexical.npz,countvectorizer_fit_transform,0.10305320000043139,0.10986369999591261,2.0738050499967358,0.17608900000050198,ok,,0.9965512653191885,0.64,0.15001618261792823,1.0,30,10
s3-cafebert-vietnamese-full-v1,4bbba1f8131d9c8ed741219255d2985be219ecc9b9368ad84e025bcac1cd840b,vietnamese-news,bertopic_kmeans,29,30,858,4a69f5df5cc5cee9d68d807eca0f7d5d3c4bd2c42a1637f8e83d3247819a1c7d,1.9639413500008231,4.211881200011703,93.08472159999656,E:\Development\NLP_S3\benchmark\cafebert_full\results\representation_cache\vietnamese-news_858_3de6721497631976a304.npy,cafebert_mean_encode,1.994533799996134,95.07925539999269,101.25507795000522,0.03669800001080148,ok,,0.9600886821746826,0.5733333333333334,-0.10078247658378471,0.9966666666666667,30,10
s3-cafebert-vietnamese-full-v1,4bbba1f8131d9c8ed741219255d2985be219ecc9b9368ad84e025bcac1cd840b,vietnamese-news,s3_axial,29,30,858,4a69f5df5cc5cee9d68d807eca0f7d5d3c4bd2c42a1637f8e83d3247819a1c7d,1.9639413500008231,4.211881200011703,93.08472159999656,E:\Development\NLP_S3\benchmark\cafebert_full\results\representation_cache\vietnamese-news_858_3de6721497631976a304.npy,cafebert_mean_encode,0.23154039999644738,93.316261999993,99.49208455000553,0.14833650000218768,ok,,0.9933217644691468,0.4766666666666667,-0.45322818462372366,1.0,30,10
s3-cafebert-vietnamese-full-v1,4bbba1f8131d9c8ed741219255d2985be219ecc9b9368ad84e025bcac1cd840b,vietnamese-news,s3_angular,29,30,858,4a69f5df5cc5cee9d68d807eca0f7d5d3c4bd2c42a1637f8e83d3247819a1c7d,1.9639413500008231,4.211881200011703,93.08472159999656,E:\Development\NLP_S3\benchmark\cafebert_full\results\representation_cache\vietnamese-news_858_3de6721497631976a304.npy,cafebert_mean_encode,0.2320459999900777,93.31676759998663,99.49259014999916,0.15237149999302346,ok,,0.9927348574002584,0.51,-0.4599756312756505,1.0,30,10
s3-cafebert-vietnamese-full-v1,4bbba1f8131d9c8ed741219255d2985be219ecc9b9368ad84e025bcac1cd840b,vietnamese-news,lda,29,40,858,4a69f5df5cc5cee9d68d807eca0f7d5d3c4bd2c42a1637f8e83d3247819a1c7d,1.9639413500008231,0.0,0.006810499995481223,E:\Development\NLP_S3\benchmark\cafebert_full\results\representation_cache\vietnamese-news_858_4a69f5df5cc5_lexical.npz,countvectorizer_fit_transform,0.5953288000018802,0.6021392999973614,2.5660806499981845,0.2757004000013694,ok,,0.9968144953250885,0.525,0.14561020008585415,1.0,40,10
s3-cafebert-vietnamese-full-v1,4bbba1f8131d9c8ed741219255d2985be219ecc9b9368ad84e025bcac1cd840b,vietnamese-news,nmf,29,40,858,4a69f5df5cc5cee9d68d807eca0f7d5d3c4bd2c42a1637f8e83d3247819a1c7d,1.9639413500008231,0.0,0.006810499995481223,E:\Development\NLP_S3\benchmark\cafebert_full\results\representation_cache\vietnamese-news_858_4a69f5df5cc5_lexical.npz,countvectorizer_fit_transform,0.20088020000548568,0.2076907000009669,2.17163205000179,0.25574769999366254,ok,,0.9960337951779366,0.535,0.12556834853413906,1.0,40,10
s3-cafebert-vietnamese-full-v1,4bbba1f8131d9c8ed741219255d2985be219ecc9b9368ad84e025bcac1cd840b,vietnamese-news,bertopic_kmeans,29,40,858,4a69f5df5cc5cee9d68d807eca0f7d5d3c4bd2c42a1637f8e83d3247819a1c7d,1.9639413500008231,4.211881200011703,93.08472159999656,E:\Development\NLP_S3\benchmark\cafebert_full\results\representation_cache\vietnamese-news_858_3de6721497631976a304.npy,cafebert_mean_encode,2.041501600004267,95.12622320000082,101.30204575001335,0.03776779999316204,ok,,0.9594025593815427,0.5,-0.03551328124186367,0.995,40,10
s3-cafebert-vietnamese-full-v1,4bbba1f8131d9c8ed741219255d2985be219ecc9b9368ad84e025bcac1cd840b,vietnamese-news,s3_axial,29,40,858,4a69f5df5cc5cee9d68d807eca0f7d5d3c4bd2c42a1637f8e83d3247819a1c7d,1.9639413500008231,4.211881200011703,93.08472159999656,E:\Development\NLP_S3\benchmark\cafebert_full\results\representation_cache\vietnamese-news_858_3de6721497631976a304.npy,cafebert_mean_encode,0.40504740001051687,93.48976900000707,99.6655915500196,0.18545379998977296,ok,,0.9937124580144883,0.44,-0.45153152045672124,1.0,40,10
s3-cafebert-vietnamese-full-v1,4bbba1f8131d9c8ed741219255d2985be219ecc9b9368ad84e025bcac1cd840b,vietnamese-news,s3_angular,29,40,858,4a69f5df5cc5cee9d68d807eca0f7d5d3c4bd2c42a1637f8e83d3247819a1c7d,1.9639413500008231,4.211881200011703,93.08472159999656,E:\Development\NLP_S3\benchmark\cafebert_full\results\representation_cache\vietnamese-news_858_3de6721497631976a304.npy,cafebert_mean_encode,0.40588730000308715,93.49060889999964,99.66643145001217,0.19960880000144243,ok,,0.9937844440340996,0.4525,-0.46272748703669453,1.0,40,10
s3-cafebert-vietnamese-full-v1,4bbba1f8131d9c8ed741219255d2985be219ecc9b9368ad84e025bcac1cd840b,vietnamese-news,s3_combined,29,40,858,4a69f5df5cc5cee9d68d807eca0f7d5d3c4bd2c42a1637f8e83d3247819a1c7d,1.9639413500008231,4.211881200011703,93.08472159999656,E:\Development\NLP_S3\benchmark\cafebert_full\results\representation_cache\vietnamese-news_858_3de6721497631976a304.npy,cafebert_mean_encode,0.40713619999587536,93.49185779999243,99.66768035000496,0.1954074999957811,ok,,0.9937044486403466,0.445,-0.46050441285806504,1.0,40,10
s3-cafebert-vietnamese-full-v1,4bbba1f8131d9c8ed741219255d2985be219ecc9b9368ad84e025bcac1cd840b,vietnamese-news,nmf,29,50,858,4a69f5df5cc5cee9d68d807eca0f7d5d3c4bd2c42a1637f8e83d3247819a1c7d,1.9639413500008231,0.0,0.006810499995481223,E:\Development\NLP_S3\benchmark\cafebert_full\results\representation_cache\vietnamese-news_858_4a69f5df5cc5_lexical.npz,countvectorizer_fit_transform,0.5939636999974027,0.600774199992884,2.564715549993707,0.24377539999841247,ok,,0.9955190765857697,0.474,0.0818184909906554,1.0,50,10
s3-cafebert-vietnamese-full-v1,4bbba1f8131d9c8ed741219255d2985be219ecc9b9368ad84e025bcac1cd840b,vietnamese-news,bertopic_kmeans,29,50,858,4a69f5df5cc5cee9d68d807eca0f7d5d3c4bd2c42a1637f8e83d3247819a1c7d,1.9639413500008231,4.211881200011703,93.08472159999656,E:\Development\NLP_S3\benchmark\cafebert_full\results\representation_cache\vietnamese-news_858_3de6721497631976a304.npy,cafebert_mean_encode,2.0385771000001114,95.12329869999667,101.2991212500092,0.03982230000838172,ok,,0.9447587030689891,0.44,-0.02547450077506558,0.992,50,10
s3-cafebert-vietnamese-full-v1,4bbba1f8131d9c8ed741219255d2985be219ecc9b9368ad84e025bcac1cd840b,vietnamese-news,s3_axial,29,50,858,4a69f5df5cc5cee9d68d807eca0f7d5d3c4bd2c42a1637f8e83d3247819a1c7d,1.9639413500008231,4.211881200011703,93.08472159999656,E:\Development\NLP_S3\benchmark\cafebert_full\results\representation_cache\vietnamese-news_858_3de6721497631976a304.npy,cafebert_mean_encode,0.384430699996301,93.46915229999286,99.64497485000538,0.22042030000011437,ok,,0.9939022493362427,0.386,-0.44589248229903333,1.0,50,10
s3-cafebert-vietnamese-full-v1,4bbba1f8131d9c8ed741219255d2985be219ecc9b9368ad84e025bcac1cd840b,vietnamese-news,s3_angular,29,50,858,4a69f5df5cc5cee9d68d807eca0f7d5d3c4bd2c42a1637f8e83d3247819a1c7d,1.9639413500008231,4.211881200011703,93.08472159999656,E:\Development\NLP_S3\benchmark\cafebert_full\results\representation_cache\vietnamese-news_858_3de6721497631976a304.npy,cafebert_mean_encode,0.3857385999872349,93.47046019998379,99.64628274999632,0.21909480000613257,ok,,0.9938763654232026,0.412,-0.4426367075621005,1.0,50,10
s3-cafebert-vietnamese-full-v1,4bbba1f8131d9c8ed741219255d2985be219ecc9b9368ad84e025bcac1cd840b,vietnamese-news,s3_combined,29,50,858,4a69f5df5cc5cee9d68d807eca0f7d5d3c4bd2c42a1637f8e83d3247819a1c7d,1.9639413500008231,4.211881200011703,93.08472159999656,E:\Development\NLP_S3\benchmark\cafebert_full\results\representation_cache\vietnamese-news_858_3de6721497631976a304.npy,cafebert_mean_encode,0.3856181999872206,93.47033979998378,99.6461623499963,0.22776140000496525,ok,,0.9939668369293213,0.398,-0.4483863758109867,1.0,50,10
s3-cafebert-vietnamese-full-v1,4bbba1f8131d9c8ed741219255d2985be219ecc9b9368ad84e025bcac1cd840b,vietnamese-news,lda,29,50,858,4a69f5df5cc5cee9d68d807eca0f7d5d3c4bd2c42a1637f8e83d3247819a1c7d,1.9639413500008231,0.0,0.006810499995481223,E:\Development\NLP_S3\benchmark\cafebert_full\results\representation_cache\vietnamese-news_858_4a69f5df5cc5_lexical.npz,countvectorizer_fit_transform,0.6009612000052584,0.6077717000007397,2.571713050001563,0.24358110000321176,ok,,0.9966976773738861,0.45,0.15025492095243595,1.0,50,10
s3-cafebert-vietnamese-full-v1,4bbba1f8131d9c8ed741219255d2985be219ecc9b9368ad84e025bcac1cd840b,vietnamese-news,s3_angular,42,10,858,4a69f5df5cc5cee9d68d807eca0f7d5d3c4bd2c42a1637f8e83d3247819a1c7d,1.9639413500008231,4.211881200011703,93.08472159999656,E:\Development\NLP_S3\benchmark\cafebert_full\results\representation_cache\vietnamese-news_858_3de6721497631976a304.npy,cafebert_mean_encode,0.30514289998973254,93.38986449998629,99.56568704999881,0.06051119999028742,ok,,0.994192361831665,0.65,-0.4363764938300566,1.0,10,10
s3-cafebert-vietnamese-full-v1,4bbba1f8131d9c8ed741219255d2985be219ecc9b9368ad84e025bcac1cd840b,vietnamese-news,s3_combined,42,10,858,4a69f5df5cc5cee9d68d807eca0f7d5d3c4bd2c42a1637f8e83d3247819a1c7d,1.9639413500008231,4.211881200011703,93.08472159999656,E:\Development\NLP_S3\benchmark\cafebert_full\results\representation_cache\vietnamese-news_858_3de6721497631976a304.npy,cafebert_mean_encode,0.30526799998187926,93.38998959997843,99.56581214999096,0.056863300007535145,ok,,0.9944719493389129,0.65,-0.4508337838949939,1.0,10,10
s3-cafebert-vietnamese-full-v1,4bbba1f8131d9c8ed741219255d2985be219ecc9b9368ad84e025bcac1cd840b,vietnamese-news,lda,42,10,858,4a69f5df5cc5cee9d68d807eca0f7d5d3c4bd2c42a1637f8e83d3247819a1c7d,1.9639413500008231,0.0,0.006810499995481223,E:\Development\NLP_S3\benchmark\cafebert_full\results\representation_cache\vietnamese-news_858_4a69f5df5cc5_lexical.npz,countvectorizer_fit_transform,0.6238656000059564,0.6306761000014376,2.5946174500022607,0.07573609999963082,ok,,0.998399019241333,0.74,0.057845002354583105,1.0,10,10
s3-cafebert-vietnamese-full-v1,4bbba1f8131d9c8ed741219255d2985be219ecc9b9368ad84e025bcac1cd840b,vietnamese-news,nmf,42,10,858,4a69f5df5cc5cee9d68d807eca0f7d5d3c4bd2c42a1637f8e83d3247819a1c7d,1.9639413500008231,0.0,0.006810499995481223,E:\Development\NLP_S3\benchmark\cafebert_full\results\representation_cache\vietnamese-news_858_4a69f5df5cc5_lexical.npz,countvectorizer_fit_transform,0.01848150001023896,0.025292000005720183,1.9892333500065433,0.07016999999177642,ok,,0.997777670621872,0.82,0.14413858040459707,1.0,10,10
s3-cafebert-vietnamese-full-v1,4bbba1f8131d9c8ed741219255d2985be219ecc9b9368ad84e025bcac1cd840b,vietnamese-news,bertopic_kmeans,42,10,858,4a69f5df5cc5cee9d68d807eca0f7d5d3c4bd2c42a1637f8e83d3247819a1c7d,1.9639413500008231,4.211881200011703,93.08472159999656,E:\Development\NLP_S3\benchmark\cafebert_full\results\representation_cache\vietnamese-news_858_3de6721497631976a304.npy,cafebert_mean_encode,1.8968848999938928,94.98160649999045,101.15742905000297,0.03331790000083856,ok,,0.9662136104371812,0.8,-0.10325934461028728,1.0,10,10
s3-cafebert-vietnamese-full-v1,4bbba1f8131d9c8ed741219255d2985be219ecc9b9368ad84e025bcac1cd840b,vietnamese-news,s3_axial,42,10,858,4a69f5df5cc5cee9d68d807eca0f7d5d3c4bd2c42a1637f8e83d3247819a1c7d,1.9639413500008231,4.211881200011703,93.08472159999656,E:\Development\NLP_S3\benchmark\cafebert_full\results\representation_cache\vietnamese-news_858_3de6721497631976a304.npy,cafebert_mean_encode,0.30480959998385515,93.38953119998041,99.56535374999294,0.07223940000403672,ok,,0.9946843028068543,0.64,-0.458176957322442,1.0,10,10
s3-cafebert-vietnamese-full-v1,4bbba1f8131d9c8ed741219255d2985be219ecc9b9368ad84e025bcac1cd840b,vietnamese-news,s3_combined,42,20,858,4a69f5df5cc5cee9d68d807eca0f7d5d3c4bd2c42a1637f8e83d3247819a1c7d,1.9639413500008231,4.211881200011703,93.08472159999656,E:\Development\NLP_S3\benchmark\cafebert_full\results\representation_cache\vietnamese-news_858_3de6721497631976a304.npy,cafebert_mean_encode,0.2415274000086356,93.32624900000519,99.50207155001772,0.10702759999549016,ok,,0.9935864955186844,0.59,-0.47745356306125786,1.0,20,10
s3-cafebert-vietnamese-full-v1,4bbba1f8131d9c8ed741219255d2985be219ecc9b9368ad84e025bcac1cd840b,vietnamese-news,lda,42,20,858,4a69f5df5cc5cee9d68d807eca0f7d5d3c4bd2c42a1637f8e83d3247819a1c7d,1.9639413500008231,0.0,0.006810499995481223,E:\Development\NLP_S3\benchmark\cafebert_full\results\representation_cache\vietnamese-news_858_4a69f5df5cc5_lexical.npz,countvectorizer_fit_transform,0.5771112000074936,0.5839217000029748,2.547863050003798,0.12929470000381116,ok,,0.997585904598236,0.64,0.07931676971107034,1.0,20,10
s3-cafebert-vietnamese-full-v1,4bbba1f8131d9c8ed741219255d2985be219ecc9b9368ad84e025bcac1cd840b,vietnamese-news,nmf,42,20,858,4a69f5df5cc5cee9d68d807eca0f7d5d3c4bd2c42a1637f8e83d3247819a1c7d,1.9639413500008231,0.0,0.006810499995481223,E:\Development\NLP_S3\benchmark\cafebert_full\results\representation_cache\vietnamese-news_858_4a69f5df5cc5_lexical.npz,countvectorizer_fit_transform,0.05545009998604655,0.062260599981527776,2.026201949982351,0.11678319999191444,ok,,0.99729582965374,0.735,0.21689693556387696,1.0,20,10
s3-cafebert-vietnamese-full-v1,4bbba1f8131d9c8ed741219255d2985be219ecc9b9368ad84e025bcac1cd840b,vietnamese-news,bertopic_kmeans,42,20,858,4a69f5df5cc5cee9d68d807eca0f7d5d3c4bd2c42a1637f8e83d3247819a1c7d,1.9639413500008231,4.211881200011703,93.08472159999656,E:\Development\NLP_S3\benchmark\cafebert_full\results\representation_cache\vietnamese-news_858_3de6721497631976a304.npy,cafebert_mean_encode,1.9512240000040038,95.03594560000056,101.21176815001309,0.03574379999190569,ok,,0.9515892221377447,0.675,-0.2794672879358041,1.0,20,10
s3-cafebert-vietnamese-full-v1,4bbba1f8131d9c8ed741219255d2985be219ecc9b9368ad84e025bcac1cd840b,vietnamese-news,s3_axial,42,20,858,4a69f5df5cc5cee9d68d807eca0f7d5d3c4bd2c42a1637f8e83d3247819a1c7d,1.9639413500008231,4.211881200011703,93.08472159999656,E:\Development\NLP_S3\benchmark\cafebert_full\results\representation_cache\vietnamese-news_858_3de6721497631976a304.npy,cafebert_mean_encode,0.24112790000799578,93.32584950000455,99.50167205001708,0.11776380000810605,ok,,0.9934917449951172,0.59,-0.4729118176156268,1.0,20,10
s3-cafebert-vietnamese-full-v1,4bbba1f8131d9c8ed741219255d2985be219ecc9b9368ad84e025bcac1cd840b,vietnamese-news,s3_angular,42,20,858,4a69f5df5cc5cee9d68d807eca0f7d5d3c4bd2c42a1637f8e83d3247819a1c7d,1.9639413500008231,4.211881200011703,93.08472159999656,E:\Development\NLP_S3\benchmark\cafebert_full\results\representation_cache\vietnamese-news_858_3de6721497631976a304.npy,cafebert_mean_encode,0.24164890000247397,93.32637049999903,99.50219305001156,0.10860530000354629,ok,,0.9933258056640625,0.61,-0.4672035035615342,1.0,20,10
s3-cafebert-vietnamese-full-v1,4bbba1f8131d9c8ed741219255d2985be219ecc9b9368ad84e025bcac1cd840b,vietnamese-news,lda,42,30,858,4a69f5df5cc5cee9d68d807eca0f7d5d3c4bd2c42a1637f8e83d3247819a1c7d,1.9639413500008231,0.0,0.006810499995481223,E:\Development\NLP_S3\benchmark\cafebert_full\results\representation_cache\vietnamese-news_858_4a69f5df5cc5_lexical.npz,countvectorizer_fit_transform,0.6564593000075547,0.6632698000030359,2.627211150003859,0.16376959999615792,ok,,0.9969757695992788,0.5966666666666667,0.12708955443979605,1.0,30,10
s3-cafebert-vietnamese-full-v1,4bbba1f8131d9c8ed741219255d2985be219ecc9b9368ad84e025bcac1cd840b,vietnamese-news,nmf,42,30,858,4a69f5df5cc5cee9d68d807eca0f7d5d3c4bd2c42a1637f8e83d3247819a1c7d,1.9639413500008231,0.0,0.006810499995481223,E:\Development\NLP_S3\benchmark\cafebert_full\results\representation_cache\vietnamese-news_858_4a69f5df5cc5_lexical.npz,countvectorizer_fit_transform,0.11281720000260975,0.11962769999809097,2.083569049998914,0.16561820000060834,ok,,0.9964803596337636,0.64,0.15751442741368163,1.0,30,10
s3-cafebert-vietnamese-full-v1,4bbba1f8131d9c8ed741219255d2985be219ecc9b9368ad84e025bcac1cd840b,vietnamese-news,bertopic_kmeans,42,30,858,4a69f5df5cc5cee9d68d807eca0f7d5d3c4bd2c42a1637f8e83d3247819a1c7d,1.9639413500008231,4.211881200011703,93.08472159999656,E:\Development\NLP_S3\benchmark\cafebert_full\results\representation_cache\vietnamese-news_858_3de6721497631976a304.npy,cafebert_mean_encode,1.962100000004284,95.04682160000084,101.22264415001337,0.03940609999699518,ok,,0.9658294642964999,0.5633333333333334,-0.08760685177025491,1.0,30,10
s3-cafebert-vietnamese-full-v1,4bbba1f8131d9c8ed741219255d2985be219ecc9b9368ad84e025bcac1cd840b,vietnamese-news,s3_axial,42,30,858,4a69f5df5cc5cee9d68d807eca0f7d5d3c4bd2c42a1637f8e83d3247819a1c7d,1.9639413500008231,4.211881200011703,93.08472159999656,E:\Development\NLP_S3\benchmark\cafebert_full\results\representation_cache\vietnamese-news_858_3de6721497631976a304.npy,cafebert_mean_encode,0.372670199998538,93.4573917999951,99.63321435000762,0.15087890000722837,ok,,0.9936094363530477,0.5266666666666666,-0.4122388298658307,1.0,30,10
s3-cafebert-vietnamese-full-v1,4bbba1f8131d9c8ed741219255d2985be219ecc9b9368ad84e025bcac1cd840b,vietnamese-news,s3_angular,42,30,858,4a69f5df5cc5cee9d68d807eca0f7d5d3c4bd2c42a1637f8e83d3247819a1c7d,1.9639413500008231,4.211881200011703,93.08472159999656,E:\Development\NLP_S3\benchmark\cafebert_full\results\representation_cache\vietnamese-news_858_3de6721497631976a304.npy,cafebert_mean_encode,0.3733993000059854,93.45812090000254,99.63394345001507,0.14400720001140144,ok,,0.9933631916840872,0.53,-0.4207594509803905,1.0,30,10
s3-cafebert-vietnamese-full-v1,4bbba1f8131d9c8ed741219255d2985be219ecc9b9368ad84e025bcac1cd840b,vietnamese-news,s3_combined,42,30,858,4a69f5df5cc5cee9d68d807eca0f7d5d3c4bd2c42a1637f8e83d3247819a1c7d,1.9639413500008231,4.211881200011703,93.08472159999656,E:\Development\NLP_S3\benchmark\cafebert_full\results\representation_cache\vietnamese-news_858_3de6721497631976a304.npy,cafebert_mean_encode,0.37352769999415614,93.45824929999071,99.63407185000324,0.14391300000716,ok,,0.9934433023134868,0.5333333333333333,-0.4120697593739354,1.0,30,10
s3-cafebert-vietnamese-full-v1,4bbba1f8131d9c8ed741219255d2985be219ecc9b9368ad84e025bcac1cd840b,vietnamese-news,nmf,42,40,858,4a69f5df5cc5cee9d68d807eca0f7d5d3c4bd2c42a1637f8e83d3247819a1c7d,1.9639413500008231,0.0,0.006810499995481223,E:\Development\NLP_S3\benchmark\cafebert_full\results\representation_cache\vietnamese-news_858_4a69f5df5cc5_lexical.npz,countvectorizer_fit_transform,0.20202310000604484,0.20883360000152607,2.172774950002349,0.21228949999203905,ok,,0.9960219606757164,0.5425,0.12851002407615492,1.0,40,10
s3-cafebert-vietnamese-full-v1,4bbba1f8131d9c8ed741219255d2985be219ecc9b9368ad84e025bcac1cd840b,vietnamese-news,bertopic_kmeans,42,40,858,4a69f5df5cc5cee9d68d807eca0f7d5d3c4bd2c42a1637f8e83d3247819a1c7d,1.9639413500008231,4.211881200011703,93.08472159999656,E:\Development\NLP_S3\benchmark\cafebert_full\results\representation_cache\vietnamese-news_858_3de6721497631976a304.npy,cafebert_mean_encode,2.1433300000062445,95.2280516000028,101.40387415001533,0.04299999999057036,ok,,0.9540394004434347,0.5125,0.0021825754318476193,0.9975,40,10
s3-cafebert-vietnamese-full-v1,4bbba1f8131d9c8ed741219255d2985be219ecc9b9368ad84e025bcac1cd840b,vietnamese-news,s3_axial,42,40,858,4a69f5df5cc5cee9d68d807eca0f7d5d3c4bd2c42a1637f8e83d3247819a1c7d,1.9639413500008231,4.211881200011703,93.08472159999656,E:\Development\NLP_S3\benchmark\cafebert_full\results\representation_cache\vietnamese-news_858_3de6721497631976a304.npy,cafebert_mean_encode,0.41522530000656843,93.49994690000312,99.67576945001565,0.21879569999873638,ok,,0.9934661775827408,0.425,-0.43722967726785794,1.0,40,10
s3-cafebert-vietnamese-full-v1,4bbba1f8131d9c8ed741219255d2985be219ecc9b9368ad84e025bcac1cd840b,vietnamese-news,s3_angular,42,40,858,4a69f5df5cc5cee9d68d807eca0f7d5d3c4bd2c42a1637f8e83d3247819a1c7d,1.9639413500008231,4.211881200011703,93.08472159999656,E:\Development\NLP_S3\benchmark\cafebert_full\results\representation_cache\vietnamese-news_858_3de6721497631976a304.npy,cafebert_mean_encode,0.4160705000103917,93.50079210000695,99.67661465001947,0.19435710000107065,ok,,0.9934544265270233,0.435,-0.44075613730837454,1.0,40,10
s3-cafebert-vietnamese-full-v1,4bbba1f8131d9c8ed741219255d2985be219ecc9b9368ad84e025bcac1cd840b,vietnamese-news,s3_combined,42,40,858,4a69f5df5cc5cee9d68d807eca0f7d5d3c4bd2c42a1637f8e83d3247819a1c7d,1.9639413500008231,4.211881200011703,93.08472159999656,E:\Development\NLP_S3\benchmark\cafebert_full\results\representation_cache\vietnamese-news_858_3de6721497631976a304.npy,cafebert_mean_encode,0.4160386000148719,93.50076020001143,99.67658275002395,0.19880290000583045,ok,,0.9934732794761658,0.43,-0.4342165091383235,1.0,40,10
s3-cafebert-vietnamese-full-v1,4bbba1f8131d9c8ed741219255d2985be219ecc9b9368ad84e025bcac1cd840b,vietnamese-news,lda,42,40,858,4a69f5df5cc5cee9d68d807eca0f7d5d3c4bd2c42a1637f8e83d3247819a1c7d,1.9639413500008231,0.0,0.006810499995481223,E:\Development\NLP_S3\benchmark\cafebert_full\results\representation_cache\vietnamese-news_858_4a69f5df5cc5_lexical.npz,countvectorizer_fit_transform,0.5806337999965763,0.5874442999920575,2.5513856499928806,0.19898919999832287,ok,,0.9967392683029175,0.51,0.14482810866117618,1.0,40,10
s3-cafebert-vietnamese-full-v1,4bbba1f8131d9c8ed741219255d2985be219ecc9b9368ad84e025bcac1cd840b,vietnamese-news,bertopic_kmeans,42,50,858,4a69f5df5cc5cee9d68d807eca0f7d5d3c4bd2c42a1637f8e83d3247819a1c7d,1.9639413500008231,4.211881200011703,93.08472159999656,E:\Development\NLP_S3\benchmark\cafebert_full\results\representation_cache\vietnamese-news_858_3de6721497631976a304.npy,cafebert_mean_encode,1.9837275000027148,95.06844909999927,101.2442716500118,0.042315500002587214,ok,,0.9443056932309779,0.442,-0.0310497801241096,0.99,50,10
s3-cafebert-vietnamese-full-v1,4bbba1f8131d9c8ed741219255d2985be219ecc9b9368ad84e025bcac1cd840b,vietnamese-news,s3_axial,42,50,858,4a69f5df5cc5cee9d68d807eca0f7d5d3c4bd2c42a1637f8e83d3247819a1c7d,1.9639413500008231,4.211881200011703,93.08472159999656,E:\Development\NLP_S3\benchmark\cafebert_full\results\representation_cache\vietnamese-news_858_3de6721497631976a304.npy,cafebert_mean_encode,0.40346810000482947,93.48818970000139,99.66401225001391,0.22984850000648294,ok,,0.9933300197124482,0.398,-0.4643749510832966,1.0,50,10
s3-cafebert-vietnamese-full-v1,4bbba1f8131d9c8ed741219255d2985be219ecc9b9368ad84e025bcac1cd840b,vietnamese-news,s3_angular,42,50,858,4a69f5df5cc5cee9d68d807eca0f7d5d3c4bd2c42a1637f8e83d3247819a1c7d,1.9639413500008231,4.211881200011703,93.08472159999656,E:\Development\NLP_S3\benchmark\cafebert_full\results\representation_cache\vietnamese-news_858_3de6721497631976a304.npy,cafebert_mean_encode,0.4040387999993982,93.48876039999595,99.66458295000848,0.22393530000408646,ok,,0.9934062218666077,0.402,-0.4650632436121535,1.0,50,10
s3-cafebert-vietnamese-full-v1,4bbba1f8131d9c8ed741219255d2985be219ecc9b9368ad84e025bcac1cd840b,vietnamese-news,s3_combined,42,50,858,4a69f5df5cc5cee9d68d807eca0f7d5d3c4bd2c42a1637f8e83d3247819a1c7d,1.9639413500008231,4.211881200011703,93.08472159999656,E:\Development\NLP_S3\benchmark\cafebert_full\results\representation_cache\vietnamese-news_858_3de6721497631976a304.npy,cafebert_mean_encode,0.404185100007453,93.48890670000401,99.66472925001653,0.23019490001024678,ok,,0.9933258843421936,0.402,-0.46491849536523405,1.0,50,10
s3-cafebert-vietnamese-full-v1,4bbba1f8131d9c8ed741219255d2985be219ecc9b9368ad84e025bcac1cd840b,vietnamese-news,lda,42,50,858,4a69f5df5cc5cee9d68d807eca0f7d5d3c4bd2c42a1637f8e83d3247819a1c7d,1.9639413500008231,0.0,0.006810499995481223,E:\Development\NLP_S3\benchmark\cafebert_full\results\representation_cache\vietnamese-news_858_4a69f5df5cc5_lexical.npz,countvectorizer_fit_transform,0.594870599990827,0.6016810999863083,2.5656224499871314,0.223090500003309,ok,,0.9966860175132751,0.45,0.11681284772767658,1.0,50,10
s3-cafebert-vietnamese-full-v1,4bbba1f8131d9c8ed741219255d2985be219ecc9b9368ad84e025bcac1cd840b,vietnamese-news,nmf,42,50,858,4a69f5df5cc5cee9d68d807eca0f7d5d3c4bd2c42a1637f8e83d3247819a1c7d,1.9639413500008231,0.0,0.006810499995481223,E:\Development\NLP_S3\benchmark\cafebert_full\results\representation_cache\vietnamese-news_858_4a69f5df5cc5_lexical.npz,countvectorizer_fit_transform,0.19372009999642614,0.20053059999190737,2.1644719499927305,0.2260340999928303,ok,,0.9956671607494354,0.476,0.12099890430622505,1.0,50,10
s3-cafebert-vietnamese-full-v1,4bbba1f8131d9c8ed741219255d2985be219ecc9b9368ad84e025bcac1cd840b,vietnamese-news,s3_axial,47,10,858,4a69f5df5cc5cee9d68d807eca0f7d5d3c4bd2c42a1637f8e83d3247819a1c7d,1.9639413500008231,4.211881200011703,93.08472159999656,E:\Development\NLP_S3\benchmark\cafebert_full\results\representation_cache\vietnamese-news_858_3de6721497631976a304.npy,cafebert_mean_encode,0.28495590000238735,93.36967749999894,99.54550005001147,0.05713490000925958,ok,,0.9939351260662079,0.64,-0.5200131456694751,1.0,10,10
s3-cafebert-vietnamese-full-v1,4bbba1f8131d9c8ed741219255d2985be219ecc9b9368ad84e025bcac1cd840b,vietnamese-news,s3_angular,47,10,858,4a69f5df5cc5cee9d68d807eca0f7d5d3c4bd2c42a1637f8e83d3247819a1c7d,1.9639413500008231,4.211881200011703,93.08472159999656,E:\Development\NLP_S3\benchmark\cafebert_full\results\representation_cache\vietnamese-news_858_3de6721497631976a304.npy,cafebert_mean_encode,0.28561180000542663,93.37033340000198,99.54615595001451,0.05772369999613147,ok,,0.9944679260253906,0.62,-0.5108265069888013,1.0,10,10
s3-cafebert-vietnamese-full-v1,4bbba1f8131d9c8ed741219255d2985be219ecc9b9368ad84e025bcac1cd840b,vietnamese-news,s3_combined,47,10,858,4a69f5df5cc5cee9d68d807eca0f7d5d3c4bd2c42a1637f8e83d3247819a1c7d,1.9639413500008231,4.211881200011703,93.08472159999656,E:\Development\NLP_S3\benchmark\cafebert_full\results\representation_cache\vietnamese-news_858_3de6721497631976a304.npy,cafebert_mean_encode,0.2856657000083942,93.37038730000495,99.54620985001748,0.05580509999708738,ok,,0.994340568780899,0.64,-0.5129899039862662,1.0,10,10
s3-cafebert-vietnamese-full-v1,4bbba1f8131d9c8ed741219255d2985be219ecc9b9368ad84e025bcac1cd840b,vietnamese-news,lda,47,10,858,4a69f5df5cc5cee9d68d807eca0f7d5d3c4bd2c42a1637f8e83d3247819a1c7d,1.9639413500008231,0.0,0.006810499995481223,E:\Development\NLP_S3\benchmark\cafebert_full\results\representation_cache\vietnamese-news_858_4a69f5df5cc5_lexical.npz,countvectorizer_fit_transform,0.6040849999990314,0.6108954999945126,2.574836849995336,0.06397819999256171,ok,,0.9983762502670288,0.67,0.05877580831978881,1.0,10,10
s3-cafebert-vietnamese-full-v1,4bbba1f8131d9c8ed741219255d2985be219ecc9b9368ad84e025bcac1cd840b,vietnamese-news,nmf,47,10,858,4a69f5df5cc5cee9d68d807eca0f7d5d3c4bd2c42a1637f8e83d3247819a1c7d,1.9639413500008231,0.0,0.006810499995481223,E:\Development\NLP_S3\benchmark\cafebert_full\results\representation_cache\vietnamese-news_858_4a69f5df5cc5_lexical.npz,countvectorizer_fit_transform,0.017728499995428137,0.02453899999090936,1.9884803499917325,0.06701450000400655,ok,,0.997777670621872,0.82,0.14413858040459707,1.0,10,10
s3-cafebert-vietnamese-full-v1,4bbba1f8131d9c8ed741219255d2985be219ecc9b9368ad84e025bcac1cd840b,vietnamese-news,bertopic_kmeans,47,10,858,4a69f5df5cc5cee9d68d807eca0f7d5d3c4bd2c42a1637f8e83d3247819a1c7d,1.9639413500008231,4.211881200011703,93.08472159999656,E:\Development\NLP_S3\benchmark\cafebert_full\results\representation_cache\vietnamese-news_858_3de6721497631976a304.npy,cafebert_mean_encode,1.8682468000042718,94.95296840000083,101.12879095001335,0.03577370000130031,ok,,0.9610357284545898,0.81,-0.2570124440014139,1.0,10,10
s3-cafebert-vietnamese-full-v1,4bbba1f8131d9c8ed741219255d2985be219ecc9b9368ad84e025bcac1cd840b,vietnamese-news,s3_angular,47,20,858,4a69f5df5cc5cee9d68d807eca0f7d5d3c4bd2c42a1637f8e83d3247819a1c7d,1.9639413500008231,4.211881200011703,93.08472159999656,E:\Development\NLP_S3\benchmark\cafebert_full\results\representation_cache\vietnamese-news_858_3de6721497631976a304.npy,cafebert_mean_encode,0.2041324000165332,93.28885400001309,99.46467655002562,0.10010429999965709,ok,,0.9928625524044037,0.595,-0.4779330222448091,1.0,20,10
s3-cafebert-vietnamese-full-v1,4bbba1f8131d9c8ed741219255d2985be219ecc9b9368ad84e025bcac1cd840b,vietnamese-news,s3_combined,47,20,858,4a69f5df5cc5cee9d68d807eca0f7d5d3c4bd2c42a1637f8e83d3247819a1c7d,1.9639413500008231,4.211881200011703,93.08472159999656,E:\Development\NLP_S3\benchmark\cafebert_full\results\representation_cache\vietnamese-news_858_3de6721497631976a304.npy,cafebert_mean_encode,0.20425030001206324,93.28897190000862,99.46479445002115,0.10820779998903163,ok,,0.9930755466222763,0.615,-0.4676146697042912,1.0,20,10
s3-cafebert-vietnamese-full-v1,4bbba1f8131d9c8ed741219255d2985be219ecc9b9368ad84e025bcac1cd840b,vietnamese-news,lda,47,20,858,4a69f5df5cc5cee9d68d807eca0f7d5d3c4bd2c42a1637f8e83d3247819a1c7d,1.9639413500008231,0.0,0.006810499995481223,E:\Development\NLP_S3\benchmark\cafebert_full\results\representation_cache\vietnamese-news_858_4a69f5df5cc5_lexical.npz,countvectorizer_fit_transform,0.5705588000128046,0.5773693000082858,2.541310650009109,0.11112289999437053,ok,,0.9975849628448487,0.62,0.0758114215244085,1.0,20,10
s3-cafebert-vietnamese-full-v1,4bbba1f8131d9c8ed741219255d2985be219ecc9b9368ad84e025bcac1cd840b,vietnamese-news,nmf,47,20,858,4a69f5df5cc5cee9d68d807eca0f7d5d3c4bd2c42a1637f8e83d3247819a1c7d,1.9639413500008231,0.0,0.006810499995481223,E:\Development\NLP_S3\benchmark\cafebert_full\results\representation_cache\vietnamese-news_858_4a69f5df5cc5_lexical.npz,countvectorizer_fit_transform,0.037718000006861985,0.04452850000234321,2.0084698500031664,0.11260290000063833,ok,,0.99729582965374,0.735,0.21689693556387696,1.0,20,10
s3-cafebert-vietnamese-full-v1,4bbba1f8131d9c8ed741219255d2985be219ecc9b9368ad84e025bcac1cd840b,vietnamese-news,bertopic_kmeans,47,20,858,4a69f5df5cc5cee9d68d807eca0f7d5d3c4bd2c42a1637f8e83d3247819a1c7d,1.9639413500008231,4.211881200011703,93.08472159999656,E:\Development\NLP_S3\benchmark\cafebert_full\results\representation_cache\vietnamese-news_858_3de6721497631976a304.npy,cafebert_mean_encode,1.8565964000008535,94.94131799999741,101.11714055000994,0.03742700000293553,ok,,0.9575196981430054,0.675,-0.25484506374087956,1.0,20,10
s3-cafebert-vietnamese-full-v1,4bbba1f8131d9c8ed741219255d2985be219ecc9b9368ad84e025bcac1cd840b,vietnamese-news,s3_axial,47,20,858,4a69f5df5cc5cee9d68d807eca0f7d5d3c4bd2c42a1637f8e83d3247819a1c7d,1.9639413500008231,4.211881200011703,93.08472159999656,E:\Development\NLP_S3\benchmark\cafebert_full\results\representation_cache\vietnamese-news_858_3de6721497631976a304.npy,cafebert_mean_encode,0.20359810000809375,93.28831970000465,99.46414225001718,0.10351319999608677,ok,,0.9929808557033539,0.605,-0.4701508382180113,1.0,20,10
s3-cafebert-vietnamese-full-v1,4bbba1f8131d9c8ed741219255d2985be219ecc9b9368ad84e025bcac1cd840b,vietnamese-news,s3_combined,47,30,858,4a69f5df5cc5cee9d68d807eca0f7d5d3c4bd2c42a1637f8e83d3247819a1c7d,1.9639413500008231,4.211881200011703,93.08472159999656,E:\Development\NLP_S3\benchmark\cafebert_full\results\representation_cache\vietnamese-news_858_3de6721497631976a304.npy,cafebert_mean_encode,0.6774100000038743,93.76213160000043,99.93795415001296,0.1535678999935044,ok,,0.9938056310017903,0.5333333333333333,-0.4093506942282106,1.0,30,10
s3-cafebert-vietnamese-full-v1,4bbba1f8131d9c8ed741219255d2985be219ecc9b9368ad84e025bcac1cd840b,vietnamese-news,lda,47,30,858,4a69f5df5cc5cee9d68d807eca0f7d5d3c4bd2c42a1637f8e83d3247819a1c7d,1.9639413500008231,0.0,0.006810499995481223,E:\Development\NLP_S3\benchmark\cafebert_full\results\representation_cache\vietnamese-news_858_4a69f5df5cc5_lexical.npz,countvectorizer_fit_transform,0.5703949000017019,0.5772053999971831,2.5411467499980063,0.14754940000420902,ok,,0.9972182432810466,0.5566666666666666,0.09747661884034141,1.0,30,10
s3-cafebert-vietnamese-full-v1,4bbba1f8131d9c8ed741219255d2985be219ecc9b9368ad84e025bcac1cd840b,vietnamese-news,nmf,47,30,858,4a69f5df5cc5cee9d68d807eca0f7d5d3c4bd2c42a1637f8e83d3247819a1c7d,1.9639413500008231,0.0,0.006810499995481223,E:\Development\NLP_S3\benchmark\cafebert_full\results\representation_cache\vietnamese-news_858_4a69f5df5cc5_lexical.npz,countvectorizer_fit_transform,0.19095069999457337,0.1977611999900546,2.1617025499908777,0.1645344999997178,ok,,0.9964431921641032,0.6333333333333333,0.1373613838772839,1.0,30,10
s3-cafebert-vietnamese-full-v1,4bbba1f8131d9c8ed741219255d2985be219ecc9b9368ad84e025bcac1cd840b,vietnamese-news,bertopic_kmeans,47,30,858,4a69f5df5cc5cee9d68d807eca0f7d5d3c4bd2c42a1637f8e83d3247819a1c7d,1.9639413500008231,4.211881200011703,93.08472159999656,E:\Development\NLP_S3\benchmark\cafebert_full\results\representation_cache\vietnamese-news_858_3de6721497631976a304.npy,cafebert_mean_encode,1.9418253999901935,95.02654699998675,101.20236954999928,0.03562890000466723,ok,,0.9658977712194124,0.5733333333333334,-0.11737845761673715,1.0,30,10
s3-cafebert-vietnamese-full-v1,4bbba1f8131d9c8ed741219255d2985be219ecc9b9368ad84e025bcac1cd840b,vietnamese-news,s3_axial,47,30,858,4a69f5df5cc5cee9d68d807eca0f7d5d3c4bd2c42a1637f8e83d3247819a1c7d,1.9639413500008231,4.211881200011703,93.08472159999656,E:\Development\NLP_S3\benchmark\cafebert_full\results\representation_cache\vietnamese-news_858_3de6721497631976a304.npy,cafebert_mean_encode,0.6768535000010161,93.76157509999757,99.9373976500101,0.1542689999914728,ok,,0.994007654984792,0.5366666666666666,-0.41065629503973455,1.0,30,10
s3-cafebert-vietnamese-full-v1,4bbba1f8131d9c8ed741219255d2985be219ecc9b9368ad84e025bcac1cd840b,vietnamese-news,s3_angular,47,30,858,4a69f5df5cc5cee9d68d807eca0f7d5d3c4bd2c42a1637f8e83d3247819a1c7d,1.9639413500008231,4.211881200011703,93.08472159999656,E:\Development\NLP_S3\benchmark\cafebert_full\results\representation_cache\vietnamese-news_858_3de6721497631976a304.npy,cafebert_mean_encode,0.6775257999979658,93.76224739999452,99.93806995000705,0.15360740000323858,ok,,0.9938631018002828,0.54,-0.40586496793634425,1.0,30,10
s3-cafebert-vietnamese-full-v1,4bbba1f8131d9c8ed741219255d2985be219ecc9b9368ad84e025bcac1cd840b,vietnamese-news,lda,47,40,858,4a69f5df5cc5cee9d68d807eca0f7d5d3c4bd2c42a1637f8e83d3247819a1c7d,1.9639413500008231,0.0,0.006810499995481223,E:\Development\NLP_S3\benchmark\cafebert_full\results\representation_cache\vietnamese-news_858_4a69f5df5cc5_lexical.npz,countvectorizer_fit_transform,0.6311808000027668,0.637991299998248,2.601932649999071,0.20708569999260362,ok,,0.9969760969281196,0.5075,0.08468581443133498,1.0,40,10
s3-cafebert-vietnamese-full-v1,4bbba1f8131d9c8ed741219255d2985be219ecc9b9368ad84e025bcac1cd840b,vietnamese-news,nmf,47,40,858,4a69f5df5cc5cee9d68d807eca0f7d5d3c4bd2c42a1637f8e83d3247819a1c7d,1.9639413500008231,0.0,0.006810499995481223,E:\Development\NLP_S3\benchmark\cafebert_full\results\representation_cache\vietnamese-news_858_4a69f5df5cc5_lexical.npz,countvectorizer_fit_transform,0.34930820000590757,0.3561187000013888,2.320060050002212,0.2504958999925293,ok,,0.995797936618328,0.55,0.12111710668173661,1.0,40,10
s3-cafebert-vietnamese-full-v1,4bbba1f8131d9c8ed741219255d2985be219ecc9b9368ad84e025bcac1cd840b,vietnamese-news,bertopic_kmeans,47,40,858,4a69f5df5cc5cee9d68d807eca0f7d5d3c4bd2c42a1637f8e83d3247819a1c7d,1.9639413500008231,4.211881200011703,93.08472159999656,E:\Development\NLP_S3\benchmark\cafebert_full\results\representation_cache\vietnamese-news_858_3de6721497631976a304.npy,cafebert_mean_encode,1.9301533999969251,95.01487499999348,101.190697550006,0.0356364999897778,ok,,0.9515744486162739,0.5,-0.045934833378149076,0.995,40,10
s3-cafebert-vietnamese-full-v1,4bbba1f8131d9c8ed741219255d2985be219ecc9b9368ad84e025bcac1cd840b,vietnamese-news,s3_axial,47,40,858,4a69f5df5cc5cee9d68d807eca0f7d5d3c4bd2c42a1637f8e83d3247819a1c7d,1.9639413500008231,4.211881200011703,93.08472159999656,E:\Development\NLP_S3\benchmark\cafebert_full\results\representation_cache\vietnamese-news_858_3de6721497631976a304.npy,cafebert_mean_encode,0.22876690000703093,93.31348850000359,99.48931105001611,0.17570270001306199,ok,,0.9937393233180046,0.43,-0.4316605629732074,1.0,40,10
s3-cafebert-vietnamese-full-v1,4bbba1f8131d9c8ed741219255d2985be219ecc9b9368ad84e025bcac1cd840b,vietnamese-news,s3_angular,47,40,858,4a69f5df5cc5cee9d68d807eca0f7d5d3c4bd2c42a1637f8e83d3247819a1c7d,1.9639413500008231,4.211881200011703,93.08472159999656,E:\Development\NLP_S3\benchmark\cafebert_full\results\representation_cache\vietnamese-news_858_3de6721497631976a304.npy,cafebert_mean_encode,0.2297339000069769,93.31445550000353,99.49027805001606,0.18194150000636,ok,,0.9936685994267463,0.44,-0.4367707277891644,1.0,40,10
s3-cafebert-vietnamese-full-v1,4bbba1f8131d9c8ed741219255d2985be219ecc9b9368ad84e025bcac1cd840b,vietnamese-news,s3_combined,47,40,858,4a69f5df5cc5cee9d68d807eca0f7d5d3c4bd2c42a1637f8e83d3247819a1c7d,1.9639413500008231,4.211881200011703,93.08472159999656,E:\Development\NLP_S3\benchmark\cafebert_full\results\representation_cache\vietnamese-news_858_3de6721497631976a304.npy,cafebert_mean_encode,0.2295101999916369,93.31423179998819,99.49005435000072,0.17656590000842698,ok,,0.9937898591160774,0.44,-0.43130319185280613,1.0,40,10
s3-cafebert-vietnamese-full-v1,4bbba1f8131d9c8ed741219255d2985be219ecc9b9368ad84e025bcac1cd840b,vietnamese-news,nmf,47,50,858,4a69f5df5cc5cee9d68d807eca0f7d5d3c4bd2c42a1637f8e83d3247819a1c7d,1.9639413500008231,0.0,0.006810499995481223,E:\Development\NLP_S3\benchmark\cafebert_full\results\representation_cache\vietnamese-news_858_4a69f5df5cc5_lexical.npz,countvectorizer_fit_transform,0.26193290000082925,0.2687433999963105,2.2326847499971336,0.23143420000269543,ok,,0.9955103516578674,0.47,0.10292575072848077,1.0,50,10
s3-cafebert-vietnamese-full-v1,4bbba1f8131d9c8ed741219255d2985be219ecc9b9368ad84e025bcac1cd840b,vietnamese-news,bertopic_kmeans,47,50,858,4a69f5df5cc5cee9d68d807eca0f7d5d3c4bd2c42a1637f8e83d3247819a1c7d,1.9639413500008231,4.211881200011703,93.08472159999656,E:\Development\NLP_S3\benchmark\cafebert_full\results\representation_cache\vietnamese-news_858_3de6721497631976a304.npy,cafebert_mean_encode,1.9649474000034388,95.049669,101.22549155001252,0.041897499992046505,ok,,0.9367734316067818,0.448,-0.060509590118461694,0.99,50,10
s3-cafebert-vietnamese-full-v1,4bbba1f8131d9c8ed741219255d2985be219ecc9b9368ad84e025bcac1cd840b,vietnamese-news,s3_axial,47,50,858,4a69f5df5cc5cee9d68d807eca0f7d5d3c4bd2c42a1637f8e83d3247819a1c7d,1.9639413500008231,4.211881200011703,93.08472159999656,E:\Development\NLP_S3\benchmark\cafebert_full\results\representation_cache\vietnamese-news_858_3de6721497631976a304.npy,cafebert_mean_encode,0.8793746000010287,93.96409619999758,100.13991875001011,0.2302676999970572,ok,,0.9937085568904876,0.382,-0.45414004820277254,1.0,50,10
s3-cafebert-vietnamese-full-v1,4bbba1f8131d9c8ed741219255d2985be219ecc9b9368ad84e025bcac1cd840b,vietnamese-news,s3_angular,47,50,858,4a69f5df5cc5cee9d68d807eca0f7d5d3c4bd2c42a1637f8e83d3247819a1c7d,1.9639413500008231,4.211881200011703,93.08472159999656,E:\Development\NLP_S3\benchmark\cafebert_full\results\representation_cache\vietnamese-news_858_3de6721497631976a304.npy,cafebert_mean_encode,0.8802197999903001,93.96494139998686,100.14076394999938,0.22713600000133738,ok,,0.9938314807415009,0.384,-0.4464524449066321,1.0,50,10
s3-cafebert-vietnamese-full-v1,4bbba1f8131d9c8ed741219255d2985be219ecc9b9368ad84e025bcac1cd840b,vietnamese-news,s3_combined,47,50,858,4a69f5df5cc5cee9d68d807eca0f7d5d3c4bd2c42a1637f8e83d3247819a1c7d,1.9639413500008231,4.211881200011703,93.08472159999656,E:\Development\NLP_S3\benchmark\cafebert_full\results\representation_cache\vietnamese-news_858_3de6721497631976a304.npy,cafebert_mean_encode,0.8802358000102686,93.96495740000682,100.14077995001935,0.2303447000012966,ok,,0.9937986326217652,0.378,-0.44882804425416656,1.0,50,10
s3-cafebert-vietnamese-full-v1,4bbba1f8131d9c8ed741219255d2985be219ecc9b9368ad84e025bcac1cd840b,vietnamese-news,lda,47,50,858,4a69f5df5cc5cee9d68d807eca0f7d5d3c4bd2c42a1637f8e83d3247819a1c7d,1.9639413500008231,0.0,0.006810499995481223,E:\Development\NLP_S3\benchmark\cafebert_full\results\representation_cache\vietnamese-news_858_4a69f5df5cc5_lexical.npz,countvectorizer_fit_transform,0.6083615999959875,0.6151720999914687,2.579113449992292,0.2544270000071265,ok,,0.9965758168697357,0.458,0.10270317926883996,1.0,50,10
s3-cafebert-vietnamese-full-v1,4bbba1f8131d9c8ed741219255d2985be219ecc9b9368ad84e025bcac1cd840b,visfd,s3_axial,11,10,10000,c719fdf08e863348f772bc3900112d2708ed736eb526037ad3dd5b5e8f2bdfb8,1.9639413500008231,4.211881200011703,3979.428131000008,E:\Development\NLP_S3\benchmark\cafebert_full\results\representation_cache\visfd_10000_b55da79687299686ecea.npy,cafebert_mean_encode,58.18343350000214,4037.61156450001,4043.7873870500225,1.2211386999988463,ok,,0.5066964656114579,0.91,-0.34764035933892823,0.74,10,10
s3-cafebert-vietnamese-full-v1,4bbba1f8131d9c8ed741219255d2985be219ecc9b9368ad84e025bcac1cd840b,visfd,s3_angular,11,10,10000,c719fdf08e863348f772bc3900112d2708ed736eb526037ad3dd5b5e8f2bdfb8,1.9639413500008231,4.211881200011703,3979.428131000008,E:\Development\NLP_S3\benchmark\cafebert_full\results\representation_cache\visfd_10000_b55da79687299686ecea.npy,cafebert_mean_encode,58.18416229999275,4037.6122933000006,4043.788115850013,1.1690085000009276,ok,,0.5110015213489533,0.88,-0.3511311722224583,0.75,10,10
s3-cafebert-vietnamese-full-v1,4bbba1f8131d9c8ed741219255d2985be219ecc9b9368ad84e025bcac1cd840b,visfd,s3_combined,11,10,10000,c719fdf08e863348f772bc3900112d2708ed736eb526037ad3dd5b5e8f2bdfb8,1.9639413500008231,4.211881200011703,3979.428131000008,E:\Development\NLP_S3\benchmark\cafebert_full\results\representation_cache\visfd_10000_b55da79687299686ecea.npy,cafebert_mean_encode,58.18418229999952,4037.6123133000074,4043.78813585002,1.2374258000054397,ok,,0.5149093568325043,0.91,-0.3274705743288485,0.75,10,10
s3-cafebert-vietnamese-full-v1,4bbba1f8131d9c8ed741219255d2985be219ecc9b9368ad84e025bcac1cd840b,visfd,lda,11,10,10000,c719fdf08e863348f772bc3900112d2708ed736eb526037ad3dd5b5e8f2bdfb8,1.9639413500008231,0.0,0.17650240000511985,E:\Development\NLP_S3\benchmark\cafebert_full\results\representation_cache\visfd_10000_c719fdf08e86_lexical.npz,countvectorizer_fit_transform,20.05523979999998,20.2317422000051,22.195683550005924,2.0429085999930976,ok,,0.3473032221198082,0.64,0.08354924238826736,1.0,10,10
s3-cafebert-vietnamese-full-v1,4bbba1f8131d9c8ed741219255d2985be219ecc9b9368ad84e025bcac1cd840b,visfd,nmf,11,10,10000,c719fdf08e863348f772bc3900112d2708ed736eb526037ad3dd5b5e8f2bdfb8,1.9639413500008231,0.0,0.17650240000511985,E:\Development\NLP_S3\benchmark\cafebert_full\results\representation_cache\visfd_10000_c719fdf08e86_lexical.npz,countvectorizer_fit_transform,0.39894889999413863,0.5754512999992585,2.5393926500000816,1.9876099999964936,ok,,0.37843125462532046,0.76,0.07996568793101165,1.0,10,10
s3-cafebert-vietnamese-full-v1,4bbba1f8131d9c8ed741219255d2985be219ecc9b9368ad84e025bcac1cd840b,visfd,bertopic_kmeans,11,10,10000,c719fdf08e863348f772bc3900112d2708ed736eb526037ad3dd5b5e8f2bdfb8,1.9639413500008231,4.211881200011703,3979.428131000008,E:\Development\NLP_S3\benchmark\cafebert_full\results\representation_cache\visfd_10000_b55da79687299686ecea.npy,cafebert_mean_encode,29.53683209999872,4008.9649631000066,4015.140785650019,1.0055168999970192,ok,,0.42325667589902877,0.41,-0.17765776420875154,1.0,10,10
s3-cafebert-vietnamese-full-v1,4bbba1f8131d9c8ed741219255d2985be219ecc9b9368ad84e025bcac1cd840b,visfd,s3_angular,11,20,10000,c719fdf08e863348f772bc3900112d2708ed736eb526037ad3dd5b5e8f2bdfb8,1.9639413500008231,4.211881200011703,3979.428131000008,E:\Development\NLP_S3\benchmark\cafebert_full\results\representation_cache\visfd_10000_b55da79687299686ecea.npy,cafebert_mean_encode,2.69614400001592,3982.1242750000238,3988.3000975500363,1.3731881999992765,ok,,0.5001119449734688,0.85,-0.3491998485220783,0.94,20,10
s3-cafebert-vietnamese-full-v1,4bbba1f8131d9c8ed741219255d2985be219ecc9b9368ad84e025bcac1cd840b,visfd,s3_combined,11,20,10000,c719fdf08e863348f772bc3900112d2708ed736eb526037ad3dd5b5e8f2bdfb8,1.9639413500008231,4.211881200011703,3979.428131000008,E:\Development\NLP_S3\benchmark\cafebert_full\results\representation_cache\visfd_10000_b55da79687299686ecea.npy,cafebert_mean_encode,2.696361700000125,3982.124492700008,3988.3003152500205,1.3602320000063628,ok,,0.4924486309289932,0.835,-0.3460950497542074,0.94,20,10
s3-cafebert-vietnamese-full-v1,4bbba1f8131d9c8ed741219255d2985be219ecc9b9368ad84e025bcac1cd840b,visfd,lda,11,20,10000,c719fdf08e863348f772bc3900112d2708ed736eb526037ad3dd5b5e8f2bdfb8,1.9639413500008231,0.0,0.17650240000511985,E:\Development\NLP_S3\benchmark\cafebert_full\results\representation_cache\visfd_10000_c719fdf08e86_lexical.npz,countvectorizer_fit_transform,19.21983589998854,19.39633829999366,21.36027964999448,2.230345699994359,ok,,0.3300046145915985,0.6,0.08817861083043158,1.0,20,10
s3-cafebert-vietnamese-full-v1,4bbba1f8131d9c8ed741219255d2985be219ecc9b9368ad84e025bcac1cd840b,visfd,nmf,11,20,10000,c719fdf08e863348f772bc3900112d2708ed736eb526037ad3dd5b5e8f2bdfb8,1.9639413500008231,0.0,0.17650240000511985,E:\Development\NLP_S3\benchmark\cafebert_full\results\representation_cache\visfd_10000_c719fdf08e86_lexical.npz,countvectorizer_fit_transform,0.47858749999431893,0.6550898999994388,2.619031250000262,2.372728599992115,ok,,0.38761924877762793,0.675,0.09703512161903718,1.0,20,10
s3-cafebert-vietnamese-full-v1,4bbba1f8131d9c8ed741219255d2985be219ecc9b9368ad84e025bcac1cd840b,visfd,bertopic_kmeans,11,20,10000,c719fdf08e863348f772bc3900112d2708ed736eb526037ad3dd5b5e8f2bdfb8,1.9639413500008231,4.211881200011703,3979.428131000008,E:\Development\NLP_S3\benchmark\cafebert_full\results\representation_cache\visfd_10000_b55da79687299686ecea.npy,cafebert_mean_encode,17.053703600002336,3996.48183460001,4002.6576571500227,1.1334979999955976,ok,,0.4436023779213428,0.29,-0.206760189932437,1.0,20,10
s3-cafebert-vietnamese-full-v1,4bbba1f8131d9c8ed741219255d2985be219ecc9b9368ad84e025bcac1cd840b,visfd,s3_axial,11,20,10000,c719fdf08e863348f772bc3900112d2708ed736eb526037ad3dd5b5e8f2bdfb8,1.9639413500008231,4.211881200011703,3979.428131000008,E:\Development\NLP_S3\benchmark\cafebert_full\results\representation_cache\visfd_10000_b55da79687299686ecea.npy,cafebert_mean_encode,2.695445999997901,3982.1235770000058,3988.2993995500183,1.410899900001823,ok,,0.47762640118598937,0.795,-0.3366832857461657,0.95,20,10
s3-cafebert-vietnamese-full-v1,4bbba1f8131d9c8ed741219255d2985be219ecc9b9368ad84e025bcac1cd840b,visfd,s3_combined,11,30,10000,c719fdf08e863348f772bc3900112d2708ed736eb526037ad3dd5b5e8f2bdfb8,1.9639413500008231,4.211881200011703,3979.428131000008,E:\Development\NLP_S3\benchmark\cafebert_full\results\representation_cache\visfd_10000_b55da79687299686ecea.npy,cafebert_mean_encode,2.400221200005035,3981.828352200013,3988.0041747500254,1.5055458999995608,ok,,0.5312565157810847,0.82,-0.36826987294863994,0.8566666666666667,30,10
s3-cafebert-vietnamese-full-v1,4bbba1f8131d9c8ed741219255d2985be219ecc9b9368ad84e025bcac1cd840b,visfd,lda,11,30,10000,c719fdf08e863348f772bc3900112d2708ed736eb526037ad3dd5b5e8f2bdfb8,1.9639413500008231,0.0,0.17650240000511985,E:\Development\NLP_S3\benchmark\cafebert_full\results\representation_cache\visfd_10000_c719fdf08e86_lexical.npz,countvectorizer_fit_transform,18.77193430000625,18.94843670001137,20.912378050012194,2.34028699999908,ok,,0.34231412957111995,0.61,0.09232748169598518,1.0,30,10
s3-cafebert-vietnamese-full-v1,4bbba1f8131d9c8ed741219255d2985be219ecc9b9368ad84e025bcac1cd840b,visfd,nmf,11,30,10000,c719fdf08e863348f772bc3900112d2708ed736eb526037ad3dd5b5e8f2bdfb8,1.9639413500008231,0.0,0.17650240000511985,E:\Development\NLP_S3\benchmark\cafebert_full\results\representation_cache\visfd_10000_c719fdf08e86_lexical.npz,countvectorizer_fit_transform,0.9310812000039732,1.107583600009093,3.071524950009916,2.481139499999699,ok,,0.37904002765814465,0.6,0.08557315606770177,1.0,30,10
s3-cafebert-vietnamese-full-v1,4bbba1f8131d9c8ed741219255d2985be219ecc9b9368ad84e025bcac1cd840b,visfd,bertopic_kmeans,11,30,10000,c719fdf08e863348f772bc3900112d2708ed736eb526037ad3dd5b5e8f2bdfb8,1.9639413500008231,4.211881200011703,3979.428131000008,E:\Development\NLP_S3\benchmark\cafebert_full\results\representation_cache\visfd_10000_b55da79687299686ecea.npy,cafebert_mean_encode,16.844554300012533,3996.2726853000204,4002.448507850033,1.4506331000011414,ok,,0.4330004592736562,0.23666666666666666,-0.2329933261584489,1.0,30,10
s3-cafebert-vietnamese-full-v1,4bbba1f8131d9c8ed741219255d2985be219ecc9b9368ad84e025bcac1cd840b,visfd,s3_axial,11,30,10000,c719fdf08e863348f772bc3900112d2708ed736eb526037ad3dd5b5e8f2bdfb8,1.9639413500008231,4.211881200011703,3979.428131000008,E:\Development\NLP_S3\benchmark\cafebert_full\results\representation_cache\visfd_10000_b55da79687299686ecea.npy,cafebert_mean_encode,2.3991638000006787,3981.8272948000085,3988.003117350021,1.7150914999947418,ok,,0.5362265706062317,0.7866666666666666,-0.36947659767835006,0.8533333333333334,30,10
s3-cafebert-vietnamese-full-v1,4bbba1f8131d9c8ed741219255d2985be219ecc9b9368ad84e025bcac1cd840b,visfd,s3_angular,11,30,10000,c719fdf08e863348f772bc3900112d2708ed736eb526037ad3dd5b5e8f2bdfb8,1.9639413500008231,4.211881200011703,3979.428131000008,E:\Development\NLP_S3\benchmark\cafebert_full\results\representation_cache\visfd_10000_b55da79687299686ecea.npy,cafebert_mean_encode,2.4001163999928394,3981.8282474000007,3988.004069950013,1.7927491000009468,ok,,0.5503623753786087,0.8666666666666667,-0.36934070208220293,0.8566666666666667,30,10
s3-cafebert-vietnamese-full-v1,4bbba1f8131d9c8ed741219255d2985be219ecc9b9368ad84e025bcac1cd840b,visfd,lda,11,40,10000,c719fdf08e863348f772bc3900112d2708ed736eb526037ad3dd5b5e8f2bdfb8,1.9639413500008231,0.0,0.17650240000511985,E:\Development\NLP_S3\benchmark\cafebert_full\results\representation_cache\visfd_10000_c719fdf08e86_lexical.npz,countvectorizer_fit_transform,19.21668630000204,19.39318870000716,21.35713005000798,2.77082320000045,ok,,0.3547308750450611,0.555,0.08959421424188782,1.0,40,10
s3-cafebert-vietnamese-full-v1,4bbba1f8131d9c8ed741219255d2985be219ecc9b9368ad84e025bcac1cd840b,visfd,nmf,11,40,10000,c719fdf08e863348f772bc3900112d2708ed736eb526037ad3dd5b5e8f2bdfb8,1.9639413500008231,0.0,0.17650240000511985,E:\Development\NLP_S3\benchmark\cafebert_full\results\representation_cache\visfd_10000_c719fdf08e86_lexical.npz,countvectorizer_fit_transform,2.6720810999977402,2.84858350000286,4.812524850003683,3.417921500004013,ok,,0.3878409188240767,0.55,0.08474272210898928,1.0,40,10
s3-cafebert-vietnamese-full-v1,4bbba1f8131d9c8ed741219255d2985be219ecc9b9368ad84e025bcac1cd840b,visfd,bertopic_kmeans,11,40,10000,c719fdf08e863348f772bc3900112d2708ed736eb526037ad3dd5b5e8f2bdfb8,1.9639413500008231,4.211881200011703,3979.428131000008,E:\Development\NLP_S3\benchmark\cafebert_full\results\representation_cache\visfd_10000_b55da79687299686ecea.npy,cafebert_mean_encode,17.82266899998649,3997.2507999999943,4003.426622550007,1.4123743999953149,ok,,0.4375405371189117,0.2175,-0.2439544051165028,1.0,40,10
s3-cafebert-vietnamese-full-v1,4bbba1f8131d9c8ed741219255d2985be219ecc9b9368ad84e025bcac1cd840b,visfd,s3_axial,11,40,10000,c719fdf08e863348f772bc3900112d2708ed736eb526037ad3dd5b5e8f2bdfb8,1.9639413500008231,4.211881200011703,3979.428131000008,E:\Development\NLP_S3\benchmark\cafebert_full\results\representation_cache\visfd_10000_b55da79687299686ecea.npy,cafebert_mean_encode,5.314883600003668,3984.7430146000115,3990.918837150024,2.0822899999911897,ok,,0.5331405751407147,0.7575,-0.378142712987262,0.865,40,10
s3-cafebert-vietnamese-full-v1,4bbba1f8131d9c8ed741219255d2985be219ecc9b9368ad84e025bcac1cd840b,visfd,s3_angular,11,40,10000,c719fdf08e863348f772bc3900112d2708ed736eb526037ad3dd5b5e8f2bdfb8,1.9639413500008231,4.211881200011703,3979.428131000008,E:\Development\NLP_S3\benchmark\cafebert_full\results\representation_cache\visfd_10000_b55da79687299686ecea.npy,cafebert_mean_encode,5.316060599987395,3984.7441915999952,3990.920014150008,2.15030080001452,ok,,0.5353755041956901,0.8475,-0.36892190753860854,0.855,40,10
s3-cafebert-vietnamese-full-v1,4bbba1f8131d9c8ed741219255d2985be219ecc9b9368ad84e025bcac1cd840b,visfd,s3_combined,11,40,10000,c719fdf08e863348f772bc3900112d2708ed736eb526037ad3dd5b5e8f2bdfb8,1.9639413500008231,4.211881200011703,3979.428131000008,E:\Development\NLP_S3\benchmark\cafebert_full\results\representation_cache\visfd_10000_b55da79687299686ecea.npy,cafebert_mean_encode,5.315557599984459,3984.7436885999923,3990.919511150005,2.2689314000017475,ok,,0.5291154444217682,0.795,-0.37292479911650805,0.8625,40,10
s3-cafebert-vietnamese-full-v1,4bbba1f8131d9c8ed741219255d2985be219ecc9b9368ad84e025bcac1cd840b,visfd,nmf,11,50,10000,c719fdf08e863348f772bc3900112d2708ed736eb526037ad3dd5b5e8f2bdfb8,1.9639413500008231,0.0,0.17650240000511985,E:\Development\NLP_S3\benchmark\cafebert_full\results\representation_cache\visfd_10000_c719fdf08e86_lexical.npz,countvectorizer_fit_transform,5.531065200004377,5.707567600009497,7.67150895001032,3.6963743999949656,ok,,0.39162267357110975,0.524,0.08318740182286462,0.996,50,10
s3-cafebert-vietnamese-full-v1,4bbba1f8131d9c8ed741219255d2985be219ecc9b9368ad84e025bcac1cd840b,visfd,bertopic_kmeans,11,50,10000,c719fdf08e863348f772bc3900112d2708ed736eb526037ad3dd5b5e8f2bdfb8,1.9639413500008231,4.211881200011703,3979.428131000008,E:\Development\NLP_S3\benchmark\cafebert_full\results\representation_cache\visfd_10000_b55da79687299686ecea.npy,cafebert_mean_encode,17.835558399994625,3997.2636894000025,4003.439511950015,1.843134499998996,ok,,0.42879493325948714,0.216,-0.24846668257678164,1.0,50,10
s3-cafebert-vietnamese-full-v1,4bbba1f8131d9c8ed741219255d2985be219ecc9b9368ad84e025bcac1cd840b,visfd,s3_axial,11,50,10000,c719fdf08e863348f772bc3900112d2708ed736eb526037ad3dd5b5e8f2bdfb8,1.9639413500008231,4.211881200011703,3979.428131000008,E:\Development\NLP_S3\benchmark\cafebert_full\results\representation_cache\visfd_10000_b55da79687299686ecea.npy,cafebert_mean_encode,5.162185599998338,3984.590316600006,3990.7661391500187,2.0056870999978855,ok,,0.5193744277954102,0.716,-0.3922207199581807,0.884,50,10
s3-cafebert-vietnamese-full-v1,4bbba1f8131d9c8ed741219255d2985be219ecc9b9368ad84e025bcac1cd840b,visfd,s3_angular,11,50,10000,c719fdf08e863348f772bc3900112d2708ed736eb526037ad3dd5b5e8f2bdfb8,1.9639413500008231,4.211881200011703,3979.428131000008,E:\Development\NLP_S3\benchmark\cafebert_full\results\representation_cache\visfd_10000_b55da79687299686ecea.npy,cafebert_mean_encode,5.1651615999871865,3984.593292599995,3990.7691151500076,1.9517292999953497,ok,,0.529546223282814,0.836,-0.3978189767767699,0.864,50,10
s3-cafebert-vietnamese-full-v1,4bbba1f8131d9c8ed741219255d2985be219ecc9b9368ad84e025bcac1cd840b,visfd,s3_combined,11,50,10000,c719fdf08e863348f772bc3900112d2708ed736eb526037ad3dd5b5e8f2bdfb8,1.9639413500008231,4.211881200011703,3979.428131000008,E:\Development\NLP_S3\benchmark\cafebert_full\results\representation_cache\visfd_10000_b55da79687299686ecea.npy,cafebert_mean_encode,5.163221799986786,3984.5913527999946,3990.767175350007,1.9087691999884555,ok,,0.5191798320412636,0.754,-0.39058464502768636,0.88,50,10
s3-cafebert-vietnamese-full-v1,4bbba1f8131d9c8ed741219255d2985be219ecc9b9368ad84e025bcac1cd840b,visfd,lda,11,50,10000,c719fdf08e863348f772bc3900112d2708ed736eb526037ad3dd5b5e8f2bdfb8,1.9639413500008231,0.0,0.17650240000511985,E:\Development\NLP_S3\benchmark\cafebert_full\results\representation_cache\visfd_10000_c719fdf08e86_lexical.npz,countvectorizer_fit_transform,22.85923030000413,23.035732700009248,24.99967405001007,2.904159300000174,ok,,0.36107164293527605,0.58,0.08247737523419683,0.996,50,10
s3-cafebert-vietnamese-full-v1,4bbba1f8131d9c8ed741219255d2985be219ecc9b9368ad84e025bcac1cd840b,visfd,s3_axial,29,10,10000,c719fdf08e863348f772bc3900112d2708ed736eb526037ad3dd5b5e8f2bdfb8,1.9639413500008231,4.211881200011703,3979.428131000008,E:\Development\NLP_S3\benchmark\cafebert_full\results\representation_cache\visfd_10000_b55da79687299686ecea.npy,cafebert_mean_encode,4.3182325000088895,3983.7463635000167,3989.9221860500293,1.0920232000062242,ok,,0.42307973802089693,0.8,-0.33121113479875575,0.91,10,10
s3-cafebert-vietnamese-full-v1,4bbba1f8131d9c8ed741219255d2985be219ecc9b9368ad84e025bcac1cd840b,visfd,s3_angular,29,10,10000,c719fdf08e863348f772bc3900112d2708ed736eb526037ad3dd5b5e8f2bdfb8,1.9639413500008231,4.211881200011703,3979.428131000008,E:\Development\NLP_S3\benchmark\cafebert_full\results\representation_cache\visfd_10000_b55da79687299686ecea.npy,cafebert_mean_encode,4.318707600003108,3983.746838600011,3989.9226611500235,1.1346301000012318,ok,,0.4306215465068817,0.87,-0.3189439661246599,0.89,10,10
s3-cafebert-vietnamese-full-v1,4bbba1f8131d9c8ed741219255d2985be219ecc9b9368ad84e025bcac1cd840b,visfd,s3_combined,29,10,10000,c719fdf08e863348f772bc3900112d2708ed736eb526037ad3dd5b5e8f2bdfb8,1.9639413500008231,4.211881200011703,3979.428131000008,E:\Development\NLP_S3\benchmark\cafebert_full\results\representation_cache\visfd_10000_b55da79687299686ecea.npy,cafebert_mean_encode,4.318767600008869,3983.7468986000167,3989.9227211500292,1.0832339999906253,ok,,0.44341133534908295,0.86,-0.3196388294310111,0.91,10,10
s3-cafebert-vietnamese-full-v1,4bbba1f8131d9c8ed741219255d2985be219ecc9b9368ad84e025bcac1cd840b,visfd,lda,29,10,10000,c719fdf08e863348f772bc3900112d2708ed736eb526037ad3dd5b5e8f2bdfb8,1.9639413500008231,0.0,0.17650240000511985,E:\Development\NLP_S3\benchmark\cafebert_full\results\representation_cache\visfd_10000_c719fdf08e86_lexical.npz,countvectorizer_fit_transform,20.391503099992406,20.568005499997525,22.53194684999835,2.058928400001605,ok,,0.3407797008752823,0.63,0.08715660775547324,1.0,10,10
s3-cafebert-vietnamese-full-v1,4bbba1f8131d9c8ed741219255d2985be219ecc9b9368ad84e025bcac1cd840b,visfd,nmf,29,10,10000,c719fdf08e863348f772bc3900112d2708ed736eb526037ad3dd5b5e8f2bdfb8,1.9639413500008231,0.0,0.17650240000511985,E:\Development\NLP_S3\benchmark\cafebert_full\results\representation_cache\visfd_10000_c719fdf08e86_lexical.npz,countvectorizer_fit_transform,0.4755803999869386,0.6520827999920584,2.6160241499928816,2.1358557999919867,ok,,0.37843125462532046,0.76,0.07996568793101165,1.0,10,10
s3-cafebert-vietnamese-full-v1,4bbba1f8131d9c8ed741219255d2985be219ecc9b9368ad84e025bcac1cd840b,visfd,bertopic_kmeans,29,10,10000,c719fdf08e863348f772bc3900112d2708ed736eb526037ad3dd5b5e8f2bdfb8,1.9639413500008231,4.211881200011703,3979.428131000008,E:\Development\NLP_S3\benchmark\cafebert_full\results\representation_cache\visfd_10000_b55da79687299686ecea.npy,cafebert_mean_encode,17.341141199998674,3996.7692722000065,4002.945094750019,1.0620186000014655,ok,,0.47121750116348265,0.39,-0.20689674848456757,1.0,10,10
s3-cafebert-vietnamese-full-v1,4bbba1f8131d9c8ed741219255d2985be219ecc9b9368ad84e025bcac1cd840b,visfd,s3_angular,29,20,10000,c719fdf08e863348f772bc3900112d2708ed736eb526037ad3dd5b5e8f2bdfb8,1.9639413500008231,4.211881200011703,3979.428131000008,E:\Development\NLP_S3\benchmark\cafebert_full\results\representation_cache\visfd_10000_b55da79687299686ecea.npy,cafebert_mean_encode,3.666436400017119,3983.094567400025,3989.2703899500375,1.673141699997359,ok,,0.5275109529495239,0.925,-0.3287275434526546,0.83,20,10
s3-cafebert-vietnamese-full-v1,4bbba1f8131d9c8ed741219255d2985be219ecc9b9368ad84e025bcac1cd840b,visfd,s3_combined,29,20,10000,c719fdf08e863348f772bc3900112d2708ed736eb526037ad3dd5b5e8f2bdfb8,1.9639413500008231,4.211881200011703,3979.428131000008,E:\Development\NLP_S3\benchmark\cafebert_full\results\representation_cache\visfd_10000_b55da79687299686ecea.npy,cafebert_mean_encode,3.666436400002567,3983.0945674000104,3989.270389950023,1.5835415000037756,ok,,0.5170512229204178,0.9,-0.3454475405158235,0.83,20,10
s3-cafebert-vietnamese-full-v1,4bbba1f8131d9c8ed741219255d2985be219ecc9b9368ad84e025bcac1cd840b,visfd,lda,29,20,10000,c719fdf08e863348f772bc3900112d2708ed736eb526037ad3dd5b5e8f2bdfb8,1.9639413500008231,0.0,0.17650240000511985,E:\Development\NLP_S3\benchmark\cafebert_full\results\representation_cache\visfd_10000_c719fdf08e86_lexical.npz,countvectorizer_fit_transform,20.253299699994386,20.429802099999506,22.39374345000033,2.355768299996271,ok,,0.3599513083696365,0.615,0.08995858672501499,0.995,20,10
s3-cafebert-vietnamese-full-v1,4bbba1f8131d9c8ed741219255d2985be219ecc9b9368ad84e025bcac1cd840b,visfd,nmf,29,20,10000,c719fdf08e863348f772bc3900112d2708ed736eb526037ad3dd5b5e8f2bdfb8,1.9639413500008231,0.0,0.17650240000511985,E:\Development\NLP_S3\benchmark\cafebert_full\results\representation_cache\visfd_10000_c719fdf08e86_lexical.npz,countvectorizer_fit_transform,0.9080070999916643,1.0845094999967841,3.0484508499976073,2.2472424000006868,ok,,0.38760911151766775,0.685,0.09959493701569076,1.0,20,10
s3-cafebert-vietnamese-full-v1,4bbba1f8131d9c8ed741219255d2985be219ecc9b9368ad84e025bcac1cd840b,visfd,bertopic_kmeans,29,20,10000,c719fdf08e863348f772bc3900112d2708ed736eb526037ad3dd5b5e8f2bdfb8,1.9639413500008231,4.211881200011703,3979.428131000008,E:\Development\NLP_S3\benchmark\cafebert_full\results\representation_cache\visfd_10000_b55da79687299686ecea.npy,cafebert_mean_encode,16.770222399994964,3996.198353400003,4002.3741759500153,1.146536800006288,ok,,0.45689351484179497,0.285,-0.22508869262560965,1.0,20,10
s3-cafebert-vietnamese-full-v1,4bbba1f8131d9c8ed741219255d2985be219ecc9b9368ad84e025bcac1cd840b,visfd,s3_axial,29,20,10000,c719fdf08e863348f772bc3900112d2708ed736eb526037ad3dd5b5e8f2bdfb8,1.9639413500008231,4.211881200011703,3979.428131000008,E:\Development\NLP_S3\benchmark\cafebert_full\results\representation_cache\visfd_10000_b55da79687299686ecea.npy,cafebert_mean_encode,3.6654080000153044,3983.093539000023,3989.2693615500357,1.4784863999957452,ok,,0.5014568090438842,0.895,-0.33430905570859537,0.83,20,10
s3-cafebert-vietnamese-full-v1,4bbba1f8131d9c8ed741219255d2985be219ecc9b9368ad84e025bcac1cd840b,visfd,s3_combined,29,30,10000,c719fdf08e863348f772bc3900112d2708ed736eb526037ad3dd5b5e8f2bdfb8,1.9639413500008231,4.211881200011703,3979.428131000008,E:\Development\NLP_S3\benchmark\cafebert_full\results\representation_cache\visfd_10000_b55da79687299686ecea.npy,cafebert_mean_encode,2.4293932000000495,3981.857524200008,3988.0333467500204,1.5526135999971302,ok,,0.513010635972023,0.8533333333333334,-0.37373015312100244,0.8666666666666667,30,10
s3-cafebert-vietnamese-full-v1,4bbba1f8131d9c8ed741219255d2985be219ecc9b9368ad84e025bcac1cd840b,visfd,lda,29,30,10000,c719fdf08e863348f772bc3900112d2708ed736eb526037ad3dd5b5e8f2bdfb8,1.9639413500008231,0.0,0.17650240000511985,E:\Development\NLP_S3\benchmark\cafebert_full\results\representation_cache\visfd_10000_c719fdf08e86_lexical.npz,countvectorizer_fit_transform,18.819214999995893,18.995717400001013,20.959658750001836,2.4163399999961257,ok,,0.37062482088804244,0.5833333333333334,0.09530818709505401,0.9933333333333333,30,10
s3-cafebert-vietnamese-full-v1,4bbba1f8131d9c8ed741219255d2985be219ecc9b9368ad84e025bcac1cd840b,visfd,nmf,29,30,10000,c719fdf08e863348f772bc3900112d2708ed736eb526037ad3dd5b5e8f2bdfb8,1.9639413500008231,0.0,0.17650240000511985,E:\Development\NLP_S3\benchmark\cafebert_full\results\representation_cache\visfd_10000_c719fdf08e86_lexical.npz,countvectorizer_fit_transform,0.740951200001291,0.9174536000064109,2.881394950007234,2.4857998000079533,ok,,0.3787134533127149,0.6066666666666667,0.08727412840426173,1.0,30,10
s3-cafebert-vietnamese-full-v1,4bbba1f8131d9c8ed741219255d2985be219ecc9b9368ad84e025bcac1cd840b,visfd,bertopic_kmeans,29,30,10000,c719fdf08e863348f772bc3900112d2708ed736eb526037ad3dd5b5e8f2bdfb8,1.9639413500008231,4.211881200011703,3979.428131000008,E:\Development\NLP_S3\benchmark\cafebert_full\results\representation_cache\visfd_10000_b55da79687299686ecea.npy,cafebert_mean_encode,18.06570799999463,3997.4938390000025,4003.669661550015,1.2172059000004083,ok,,0.4312850763400396,0.24333333333333335,-0.2386661378430732,1.0,30,10
s3-cafebert-vietnamese-full-v1,4bbba1f8131d9c8ed741219255d2985be219ecc9b9368ad84e025bcac1cd840b,visfd,s3_axial,29,30,10000,c719fdf08e863348f772bc3900112d2708ed736eb526037ad3dd5b5e8f2bdfb8,1.9639413500008231,4.211881200011703,3979.428131000008,E:\Development\NLP_S3\benchmark\cafebert_full\results\representation_cache\visfd_10000_b55da79687299686ecea.npy,cafebert_mean_encode,2.4284461999923224,3981.8565772,3988.0323997500127,1.498137200003839,ok,,0.5113576898972193,0.84,-0.36947216312804515,0.8633333333333333,30,10
s3-cafebert-vietnamese-full-v1,4bbba1f8131d9c8ed741219255d2985be219ecc9b9368ad84e025bcac1cd840b,visfd,s3_angular,29,30,10000,c719fdf08e863348f772bc3900112d2708ed736eb526037ad3dd5b5e8f2bdfb8,1.9639413500008231,4.211881200011703,3979.428131000008,E:\Development\NLP_S3\benchmark\cafebert_full\results\representation_cache\visfd_10000_b55da79687299686ecea.npy,cafebert_mean_encode,2.4294260000024224,3981.8575570000103,3988.033379550023,1.5453389000031166,ok,,0.5310219908754031,0.8733333333333333,-0.3760358150092749,0.86,30,10
s3-cafebert-vietnamese-full-v1,4bbba1f8131d9c8ed741219255d2985be219ecc9b9368ad84e025bcac1cd840b,visfd,lda,29,40,10000,c719fdf08e863348f772bc3900112d2708ed736eb526037ad3dd5b5e8f2bdfb8,1.9639413500008231,0.0,0.17650240000511985,E:\Development\NLP_S3\benchmark\cafebert_full\results\representation_cache\visfd_10000_c719fdf08e86_lexical.npz,countvectorizer_fit_transform,19.353636100000585,19.530138500005705,21.49407985000653,2.675740799997584,ok,,0.37302118055522443,0.575,0.08859210741555079,0.9975,40,10
s3-cafebert-vietnamese-full-v1,4bbba1f8131d9c8ed741219255d2985be219ecc9b9368ad84e025bcac1cd840b,visfd,nmf,29,40,10000,c719fdf08e863348f772bc3900112d2708ed736eb526037ad3dd5b5e8f2bdfb8,1.9639413500008231,0.0,0.17650240000511985,E:\Development\NLP_S3\benchmark\cafebert_full\results\representation_cache\visfd_10000_c719fdf08e86_lexical.npz,countvectorizer_fit_transform,2.2177908000012394,2.3942932000063593,4.358234550007182,3.0528040999924997,ok,,0.39570529721677306,0.5425,0.08554030075469192,1.0,40,10
s3-cafebert-vietnamese-full-v1,4bbba1f8131d9c8ed741219255d2985be219ecc9b9368ad84e025bcac1cd840b,visfd,bertopic_kmeans,29,40,10000,c719fdf08e863348f772bc3900112d2708ed736eb526037ad3dd5b5e8f2bdfb8,1.9639413500008231,4.211881200011703,3979.428131000008,E:\Development\NLP_S3\benchmark\cafebert_full\results\representation_cache\visfd_10000_b55da79687299686ecea.npy,cafebert_mean_encode,19.103328600001987,3998.53145960001,4004.7072821500224,1.7026216999947792,ok,,0.4310359388589859,0.2125,-0.22780547128533524,1.0,40,10
s3-cafebert-vietnamese-full-v1,4bbba1f8131d9c8ed741219255d2985be219ecc9b9368ad84e025bcac1cd840b,visfd,s3_axial,29,40,10000,c719fdf08e863348f772bc3900112d2708ed736eb526037ad3dd5b5e8f2bdfb8,1.9639413500008231,4.211881200011703,3979.428131000008,E:\Development\NLP_S3\benchmark\cafebert_full\results\representation_cache\visfd_10000_b55da79687299686ecea.npy,cafebert_mean_encode,8.54411399998935,3987.972244999997,3994.1480675500097,2.073736499994993,ok,,0.5252966269850731,0.775,-0.37294124939108036,0.87,40,10
s3-cafebert-vietnamese-full-v1,4bbba1f8131d9c8ed741219255d2985be219ecc9b9368ad84e025bcac1cd840b,visfd,s3_angular,29,40,10000,c719fdf08e863348f772bc3900112d2708ed736eb526037ad3dd5b5e8f2bdfb8,1.9639413500008231,4.211881200011703,3979.428131000008,E:\Development\NLP_S3\benchmark\cafebert_full\results\representation_cache\visfd_10000_b55da79687299686ecea.npy,cafebert_mean_encode,8.54641100000299,3987.974542000011,3994.1503645500234,2.137312799997744,ok,,0.5270899713039399,0.83,-0.36067884761108776,0.865,40,10
s3-cafebert-vietnamese-full-v1,4bbba1f8131d9c8ed741219255d2985be219ecc9b9368ad84e025bcac1cd840b,visfd,s3_combined,29,40,10000,c719fdf08e863348f772bc3900112d2708ed736eb526037ad3dd5b5e8f2bdfb8,1.9639413500008231,4.211881200011703,3979.428131000008,E:\Development\NLP_S3\benchmark\cafebert_full\results\representation_cache\visfd_10000_b55da79687299686ecea.npy,cafebert_mean_encode,8.54509159999725,3987.973222600005,3994.1490451500176,1.7466130000102567,ok,,0.5360966980457306,0.7925,-0.380281455057653,0.87,40,10
s3-cafebert-vietnamese-full-v1,4bbba1f8131d9c8ed741219255d2985be219ecc9b9368ad84e025bcac1cd840b,visfd,nmf,29,50,10000,c719fdf08e863348f772bc3900112d2708ed736eb526037ad3dd5b5e8f2bdfb8,1.9639413500008231,0.0,0.17650240000511985,E:\Development\NLP_S3\benchmark\cafebert_full\results\representation_cache\visfd_10000_c719fdf08e86_lexical.npz,countvectorizer_fit_transform,2.1607013999891933,2.337203799994313,4.301145149995136,3.017319899998256,ok,,0.3894504237174988,0.536,0.08347321463450807,0.998,50,10
s3-cafebert-vietnamese-full-v1,4bbba1f8131d9c8ed741219255d2985be219ecc9b9368ad84e025bcac1cd840b,visfd,bertopic_kmeans,29,50,10000,c719fdf08e863348f772bc3900112d2708ed736eb526037ad3dd5b5e8f2bdfb8,1.9639413500008231,4.211881200011703,3979.428131000008,E:\Development\NLP_S3\benchmark\cafebert_full\results\representation_cache\visfd_10000_b55da79687299686ecea.npy,cafebert_mean_encode,17.51372529999935,3996.941856300007,4003.1176788500197,1.3625469999969937,ok,,0.4296527948975563,0.22,-0.23146731893720374,1.0,50,10
s3-cafebert-vietnamese-full-v1,4bbba1f8131d9c8ed741219255d2985be219ecc9b9368ad84e025bcac1cd840b,visfd,s3_axial,29,50,10000,c719fdf08e863348f772bc3900112d2708ed736eb526037ad3dd5b5e8f2bdfb8,1.9639413500008231,4.211881200011703,3979.428131000008,E:\Development\NLP_S3\benchmark\cafebert_full\results\representation_cache\visfd_10000_b55da79687299686ecea.npy,cafebert_mean_encode,3.684096100012539,3983.1122271000204,3989.288049650033,1.8984448999981396,ok,,0.5237146919965744,0.73,-0.3708865876049894,0.89,50,10
s3-cafebert-vietnamese-full-v1,4bbba1f8131d9c8ed741219255d2985be219ecc9b9368ad84e025bcac1cd840b,visfd,s3_angular,29,50,10000,c719fdf08e863348f772bc3900112d2708ed736eb526037ad3dd5b5e8f2bdfb8,1.9639413500008231,4.211881200011703,3979.428131000008,E:\Development\NLP_S3\benchmark\cafebert_full\results\representation_cache\visfd_10000_b55da79687299686ecea.npy,cafebert_mean_encode,3.6852278000005754,3983.1133588000084,3989.289181350021,2.200601900010952,ok,,0.5294083201885224,0.844,-0.3687651088407298,0.888,50,10
s3-cafebert-vietnamese-full-v1,4bbba1f8131d9c8ed741219255d2985be219ecc9b9368ad84e025bcac1cd840b,visfd,s3_combined,29,50,10000,c719fdf08e863348f772bc3900112d2708ed736eb526037ad3dd5b5e8f2bdfb8,1.9639413500008231,4.211881200011703,3979.428131000008,E:\Development\NLP_S3\benchmark\cafebert_full\results\representation_cache\visfd_10000_b55da79687299686ecea.npy,cafebert_mean_encode,3.6855421000072965,3983.113673100015,3989.2894956500277,1.9992179999971995,ok,,0.5232498443126679,0.774,-0.3680843072084036,0.894,50,10
s3-cafebert-vietnamese-full-v1,4bbba1f8131d9c8ed741219255d2985be219ecc9b9368ad84e025bcac1cd840b,visfd,lda,29,50,10000,c719fdf08e863348f772bc3900112d2708ed736eb526037ad3dd5b5e8f2bdfb8,1.9639413500008231,0.0,0.17650240000511985,E:\Development\NLP_S3\benchmark\cafebert_full\results\representation_cache\visfd_10000_c719fdf08e86_lexical.npz,countvectorizer_fit_transform,21.349758700001985,21.526261100007105,23.490202450007928,2.8629598999978043,ok,,0.37121675074100496,0.56,0.08586537012162326,0.994,50,10
s3-cafebert-vietnamese-full-v1,4bbba1f8131d9c8ed741219255d2985be219ecc9b9368ad84e025bcac1cd840b,visfd,s3_angular,42,10,10000,c719fdf08e863348f772bc3900112d2708ed736eb526037ad3dd5b5e8f2bdfb8,1.9639413500008231,4.211881200011703,3979.428131000008,E:\Development\NLP_S3\benchmark\cafebert_full\results\representation_cache\visfd_10000_b55da79687299686ecea.npy,cafebert_mean_encode,3.978021000017179,3983.406152000025,3989.5819745500376,1.1830842999916058,ok,,0.44743061661720274,0.87,-0.2999113904536863,0.87,10,10
s3-cafebert-vietnamese-full-v1,4bbba1f8131d9c8ed741219255d2985be219ecc9b9368ad84e025bcac1cd840b,visfd,s3_combined,42,10,10000,c719fdf08e863348f772bc3900112d2708ed736eb526037ad3dd5b5e8f2bdfb8,1.9639413500008231,4.211881200011703,3979.428131000008,E:\Development\NLP_S3\benchmark\cafebert_full\results\representation_cache\visfd_10000_b55da79687299686ecea.npy,cafebert_mean_encode,3.978075600010925,3983.406206600019,3989.5820291500313,1.1904194000089774,ok,,0.4711857795715332,0.88,-0.30257612595362177,0.87,10,10
s3-cafebert-vietnamese-full-v1,4bbba1f8131d9c8ed741219255d2985be219ecc9b9368ad84e025bcac1cd840b,visfd,lda,42,10,10000,c719fdf08e863348f772bc3900112d2708ed736eb526037ad3dd5b5e8f2bdfb8,1.9639413500008231,0.0,0.17650240000511985,E:\Development\NLP_S3\benchmark\cafebert_full\results\representation_cache\visfd_10000_c719fdf08e86_lexical.npz,countvectorizer_fit_transform,20.619166899996344,20.795669300001464,22.759610650002287,1.99039520000224,ok,,0.3542863577604294,0.63,0.09431008072829819,1.0,10,10
s3-cafebert-vietnamese-full-v1,4bbba1f8131d9c8ed741219255d2985be219ecc9b9368ad84e025bcac1cd840b,visfd,nmf,42,10,10000,c719fdf08e863348f772bc3900112d2708ed736eb526037ad3dd5b5e8f2bdfb8,1.9639413500008231,0.0,0.17650240000511985,E:\Development\NLP_S3\benchmark\cafebert_full\results\representation_cache\visfd_10000_c719fdf08e86_lexical.npz,countvectorizer_fit_transform,0.4168749999953434,0.5933774000004632,2.5573187500012864,2.0778930999949807,ok,,0.37843125462532046,0.76,0.07996568793101165,1.0,10,10
s3-cafebert-vietnamese-full-v1,4bbba1f8131d9c8ed741219255d2985be219ecc9b9368ad84e025bcac1cd840b,visfd,bertopic_kmeans,42,10,10000,c719fdf08e863348f772bc3900112d2708ed736eb526037ad3dd5b5e8f2bdfb8,1.9639413500008231,4.211881200011703,3979.428131000008,E:\Development\NLP_S3\benchmark\cafebert_full\results\representation_cache\visfd_10000_b55da79687299686ecea.npy,cafebert_mean_encode,17.526421400005347,3996.954552400013,4003.1303749500257,1.0509596000047168,ok,,0.4382940098643303,0.4,-0.18213454787241545,1.0,10,10
s3-cafebert-vietnamese-full-v1,4bbba1f8131d9c8ed741219255d2985be219ecc9b9368ad84e025bcac1cd840b,visfd,s3_axial,42,10,10000,c719fdf08e863348f772bc3900112d2708ed736eb526037ad3dd5b5e8f2bdfb8,1.9639413500008231,4.211881200011703,3979.428131000008,E:\Development\NLP_S3\benchmark\cafebert_full\results\representation_cache\visfd_10000_b55da79687299686ecea.npy,cafebert_mean_encode,3.9773595000151545,3983.405490500023,3989.5813130500355,1.126507599998149,ok,,0.45865564346313475,0.85,-0.31878839690999433,0.87,10,10
s3-cafebert-vietnamese-full-v1,4bbba1f8131d9c8ed741219255d2985be219ecc9b9368ad84e025bcac1cd840b,visfd,s3_combined,42,20,10000,c719fdf08e863348f772bc3900112d2708ed736eb526037ad3dd5b5e8f2bdfb8,1.9639413500008231,4.211881200011703,3979.428131000008,E:\Development\NLP_S3\benchmark\cafebert_full\results\representation_cache\visfd_10000_b55da79687299686ecea.npy,cafebert_mean_encode,5.027501899981871,3984.4556328999897,3990.6314554500022,1.207382399996277,ok,,0.5328677631914616,0.805,-0.36903149917550654,0.82,20,10
s3-cafebert-vietnamese-full-v1,4bbba1f8131d9c8ed741219255d2985be219ecc9b9368ad84e025bcac1cd840b,visfd,lda,42,20,10000,c719fdf08e863348f772bc3900112d2708ed736eb526037ad3dd5b5e8f2bdfb8,1.9639413500008231,0.0,0.17650240000511985,E:\Development\NLP_S3\benchmark\cafebert_full\results\representation_cache\visfd_10000_c719fdf08e86_lexical.npz,countvectorizer_fit_transform,19.348694399988744,19.525196799993864,21.489138149994687,2.236068299986073,ok,,0.33503749296069146,0.605,0.0848107525711007,0.995,20,10
s3-cafebert-vietnamese-full-v1,4bbba1f8131d9c8ed741219255d2985be219ecc9b9368ad84e025bcac1cd840b,visfd,nmf,42,20,10000,c719fdf08e863348f772bc3900112d2708ed736eb526037ad3dd5b5e8f2bdfb8,1.9639413500008231,0.0,0.17650240000511985,E:\Development\NLP_S3\benchmark\cafebert_full\results\representation_cache\visfd_10000_c719fdf08e86_lexical.npz,countvectorizer_fit_transform,0.5554904000018723,0.7319928000069922,2.6959341500078153,2.339653699993505,ok,,0.38760911151766775,0.685,0.09959493701569076,1.0,20,10
s3-cafebert-vietnamese-full-v1,4bbba1f8131d9c8ed741219255d2985be219ecc9b9368ad84e025bcac1cd840b,visfd,bertopic_kmeans,42,20,10000,c719fdf08e863348f772bc3900112d2708ed736eb526037ad3dd5b5e8f2bdfb8,1.9639413500008231,4.211881200011703,3979.428131000008,E:\Development\NLP_S3\benchmark\cafebert_full\results\representation_cache\visfd_10000_b55da79687299686ecea.npy,cafebert_mean_encode,16.94510209999862,3996.3732331000065,4002.549055650019,1.1832220000069356,ok,,0.43357875794172285,0.3,-0.2030520300693778,1.0,20,10
s3-cafebert-vietnamese-full-v1,4bbba1f8131d9c8ed741219255d2985be219ecc9b9368ad84e025bcac1cd840b,visfd,s3_axial,42,20,10000,c719fdf08e863348f772bc3900112d2708ed736eb526037ad3dd5b5e8f2bdfb8,1.9639413500008231,4.211881200011703,3979.428131000008,E:\Development\NLP_S3\benchmark\cafebert_full\results\representation_cache\visfd_10000_b55da79687299686ecea.npy,cafebert_mean_encode,5.026653999986593,3984.4547849999944,3990.630607550007,1.2200310000043828,ok,,0.5399441048502922,0.815,-0.36898386123125587,0.82,20,10
s3-cafebert-vietnamese-full-v1,4bbba1f8131d9c8ed741219255d2985be219ecc9b9368ad84e025bcac1cd840b,visfd,s3_angular,42,20,10000,c719fdf08e863348f772bc3900112d2708ed736eb526037ad3dd5b5e8f2bdfb8,1.9639413500008231,4.211881200011703,3979.428131000008,E:\Development\NLP_S3\benchmark\cafebert_full\results\representation_cache\visfd_10000_b55da79687299686ecea.npy,cafebert_mean_encode,5.027637199993478,3984.4557682000013,3990.631590750014,1.3034099000069546,ok,,0.5599774181842804,0.85,-0.3790158378612766,0.835,20,10
s3-cafebert-vietnamese-full-v1,4bbba1f8131d9c8ed741219255d2985be219ecc9b9368ad84e025bcac1cd840b,visfd,lda,42,30,10000,c719fdf08e863348f772bc3900112d2708ed736eb526037ad3dd5b5e8f2bdfb8,1.9639413500008231,0.0,0.17650240000511985,E:\Development\NLP_S3\benchmark\cafebert_full\results\representation_cache\visfd_10000_c719fdf08e86_lexical.npz,countvectorizer_fit_transform,19.934329900002922,20.110832300008042,22.074773650008865,2.5608667000051355,ok,,0.3557579884926478,0.5366666666666666,0.07714723225315441,1.0,30,10
s3-cafebert-vietnamese-full-v1,4bbba1f8131d9c8ed741219255d2985be219ecc9b9368ad84e025bcac1cd840b,visfd,nmf,42,30,10000,c719fdf08e863348f772bc3900112d2708ed736eb526037ad3dd5b5e8f2bdfb8,1.9639413500008231,0.0,0.17650240000511985,E:\Development\NLP_S3\benchmark\cafebert_full\results\representation_cache\visfd_10000_c719fdf08e86_lexical.npz,countvectorizer_fit_transform,0.7982137999933911,0.974716199998511,2.938657549999334,2.880285499995807,ok,,0.3779058833916982,0.6,0.0853801670059587,1.0,30,10
s3-cafebert-vietnamese-full-v1,4bbba1f8131d9c8ed741219255d2985be219ecc9b9368ad84e025bcac1cd840b,visfd,bertopic_kmeans,42,30,10000,c719fdf08e863348f772bc3900112d2708ed736eb526037ad3dd5b5e8f2bdfb8,1.9639413500008231,4.211881200011703,3979.428131000008,E:\Development\NLP_S3\benchmark\cafebert_full\results\representation_cache\visfd_10000_b55da79687299686ecea.npy,cafebert_mean_encode,16.943209400007618,3996.3713404000155,4002.547162950028,1.2193894000083674,ok,,0.4516507844130198,0.23666666666666666,-0.24095187835337767,1.0,30,10
s3-cafebert-vietnamese-full-v1,4bbba1f8131d9c8ed741219255d2985be219ecc9b9368ad84e025bcac1cd840b,visfd,s3_axial,42,30,10000,c719fdf08e863348f772bc3900112d2708ed736eb526037ad3dd5b5e8f2bdfb8,1.9639413500008231,4.211881200011703,3979.428131000008,E:\Development\NLP_S3\benchmark\cafebert_full\results\representation_cache\visfd_10000_b55da79687299686ecea.npy,cafebert_mean_encode,2.6073000999895157,3982.0354310999974,3988.21125365001,1.504161099990597,ok,,0.4684464424848557,0.7633333333333333,-0.36739363057655633,0.91,30,10
s3-cafebert-vietnamese-full-v1,4bbba1f8131d9c8ed741219255d2985be219ecc9b9368ad84e025bcac1cd840b,visfd,s3_angular,42,30,10000,c719fdf08e863348f772bc3900112d2708ed736eb526037ad3dd5b5e8f2bdfb8,1.9639413500008231,4.211881200011703,3979.428131000008,E:\Development\NLP_S3\benchmark\cafebert_full\results\representation_cache\visfd_10000_b55da79687299686ecea.npy,cafebert_mean_encode,2.6082331000070553,3982.036364100015,3988.2121866500274,1.5475366000027861,ok,,0.5030667155981063,0.85,-0.3837389321173484,0.9033333333333333,30,10
s3-cafebert-vietnamese-full-v1,4bbba1f8131d9c8ed741219255d2985be219ecc9b9368ad84e025bcac1cd840b,visfd,s3_combined,42,30,10000,c719fdf08e863348f772bc3900112d2708ed736eb526037ad3dd5b5e8f2bdfb8,1.9639413500008231,4.211881200011703,3979.428131000008,E:\Development\NLP_S3\benchmark\cafebert_full\results\representation_cache\visfd_10000_b55da79687299686ecea.npy,cafebert_mean_encode,2.6083328999957303,3982.0364639000036,3988.212286450016,1.5400397999910638,ok,,0.4900938332080841,0.8066666666666666,-0.3785232026324941,0.9066666666666666,30,10
s3-cafebert-vietnamese-full-v1,4bbba1f8131d9c8ed741219255d2985be219ecc9b9368ad84e025bcac1cd840b,visfd,nmf,42,40,10000,c719fdf08e863348f772bc3900112d2708ed736eb526037ad3dd5b5e8f2bdfb8,1.9639413500008231,0.0,0.17650240000511985,E:\Development\NLP_S3\benchmark\cafebert_full\results\representation_cache\visfd_10000_c719fdf08e86_lexical.npz,countvectorizer_fit_transform,2.096837900011451,2.273340300016571,4.237281650017394,2.653115599998273,ok,,0.3855339907109737,0.535,0.08237726913815387,1.0,40,10
s3-cafebert-vietnamese-full-v1,4bbba1f8131d9c8ed741219255d2985be219ecc9b9368ad84e025bcac1cd840b,visfd,bertopic_kmeans,42,40,10000,c719fdf08e863348f772bc3900112d2708ed736eb526037ad3dd5b5e8f2bdfb8,1.9639413500008231,4.211881200011703,3979.428131000008,E:\Development\NLP_S3\benchmark\cafebert_full\results\representation_cache\visfd_10000_b55da79687299686ecea.npy,cafebert_mean_encode,16.76680509999278,3996.1949361000006,4002.370758650013,1.2485181000083685,ok,,0.45402517803013326,0.215,-0.24757689006227146,1.0,40,10
s3-cafebert-vietnamese-full-v1,4bbba1f8131d9c8ed741219255d2985be219ecc9b9368ad84e025bcac1cd840b,visfd,s3_axial,42,40,10000,c719fdf08e863348f772bc3900112d2708ed736eb526037ad3dd5b5e8f2bdfb8,1.9639413500008231,4.211881200011703,3979.428131000008,E:\Development\NLP_S3\benchmark\cafebert_full\results\representation_cache\visfd_10000_b55da79687299686ecea.npy,cafebert_mean_encode,2.6402254000131506,3982.068356400021,3988.2441789500335,1.594787299996824,ok,,0.5458530023694038,0.8225,-0.39090127922419493,0.87,40,10
s3-cafebert-vietnamese-full-v1,4bbba1f8131d9c8ed741219255d2985be219ecc9b9368ad84e025bcac1cd840b,visfd,s3_angular,42,40,10000,c719fdf08e863348f772bc3900112d2708ed736eb526037ad3dd5b5e8f2bdfb8,1.9639413500008231,4.211881200011703,3979.428131000008,E:\Development\NLP_S3\benchmark\cafebert_full\results\representation_cache\visfd_10000_b55da79687299686ecea.npy,cafebert_mean_encode,2.641481400001794,3982.0696124000096,3988.245434950022,1.7076938999962294,ok,,0.5649145700037479,0.895,-0.393818996035865,0.8425,40,10
s3-cafebert-vietnamese-full-v1,4bbba1f8131d9c8ed741219255d2985be219ecc9b9368ad84e025bcac1cd840b,visfd,s3_combined,42,40,10000,c719fdf08e863348f772bc3900112d2708ed736eb526037ad3dd5b5e8f2bdfb8,1.9639413500008231,4.211881200011703,3979.428131000008,E:\Development\NLP_S3\benchmark\cafebert_full\results\representation_cache\visfd_10000_b55da79687299686ecea.npy,cafebert_mean_encode,2.6413057000172557,3982.069436700025,3988.2452592500376,1.7035160000086762,ok,,0.5539998158812522,0.85,-0.3938661409162238,0.8575,40,10
s3-cafebert-vietnamese-full-v1,4bbba1f8131d9c8ed741219255d2985be219ecc9b9368ad84e025bcac1cd840b,visfd,lda,42,40,10000,c719fdf08e863348f772bc3900112d2708ed736eb526037ad3dd5b5e8f2bdfb8,1.9639413500008231,0.0,0.17650240000511985,E:\Development\NLP_S3\benchmark\cafebert_full\results\representation_cache\visfd_10000_c719fdf08e86_lexical.npz,countvectorizer_fit_transform,19.393519299992477,19.570021699997596,21.53396304999842,2.484280200005742,ok,,0.3538955576717854,0.545,0.08569586048665268,1.0,40,10
s3-cafebert-vietnamese-full-v1,4bbba1f8131d9c8ed741219255d2985be219ecc9b9368ad84e025bcac1cd840b,visfd,bertopic_kmeans,42,50,10000,c719fdf08e863348f772bc3900112d2708ed736eb526037ad3dd5b5e8f2bdfb8,1.9639413500008231,4.211881200011703,3979.428131000008,E:\Development\NLP_S3\benchmark\cafebert_full\results\representation_cache\visfd_10000_b55da79687299686ecea.npy,cafebert_mean_encode,17.057052999996813,3996.4851840000047,4002.661006550017,1.324577000006684,ok,,0.4290033841133118,0.208,-0.23407613265130547,1.0,50,10
s3-cafebert-vietnamese-full-v1,4bbba1f8131d9c8ed741219255d2985be219ecc9b9368ad84e025bcac1cd840b,visfd,s3_axial,42,50,10000,c719fdf08e863348f772bc3900112d2708ed736eb526037ad3dd5b5e8f2bdfb8,1.9639413500008231,4.211881200011703,3979.428131000008,E:\Development\NLP_S3\benchmark\cafebert_full\results\representation_cache\visfd_10000_b55da79687299686ecea.npy,cafebert_mean_encode,3.2291286999970907,3982.657259700005,3988.8330822500175,1.781682799992268,ok,,0.5044927966594696,0.742,-0.37328035302439033,0.896,50,10
s3-cafebert-vietnamese-full-v1,4bbba1f8131d9c8ed741219255d2985be219ecc9b9368ad84e025bcac1cd840b,visfd,s3_angular,42,50,10000,c719fdf08e863348f772bc3900112d2708ed736eb526037ad3dd5b5e8f2bdfb8,1.9639413500008231,4.211881200011703,3979.428131000008,E:\Development\NLP_S3\benchmark\cafebert_full\results\representation_cache\visfd_10000_b55da79687299686ecea.npy,cafebert_mean_encode,3.2302577999944333,3982.6583888000023,3988.834211350015,1.9479487000062363,ok,,0.5223922044038772,0.862,-0.37165301649722843,0.9,50,10
s3-cafebert-vietnamese-full-v1,4bbba1f8131d9c8ed741219255d2985be219ecc9b9368ad84e025bcac1cd840b,visfd,s3_combined,42,50,10000,c719fdf08e863348f772bc3900112d2708ed736eb526037ad3dd5b5e8f2bdfb8,1.9639413500008231,4.211881200011703,3979.428131000008,E:\Development\NLP_S3\benchmark\cafebert_full\results\representation_cache\visfd_10000_b55da79687299686ecea.npy,cafebert_mean_encode,3.231312899981276,3982.659443899989,3988.8352664500017,1.8206588000030024,ok,,0.521389896273613,0.786,-0.3732545095859794,0.888,50,10
s3-cafebert-vietnamese-full-v1,4bbba1f8131d9c8ed741219255d2985be219ecc9b9368ad84e025bcac1cd840b,visfd,lda,42,50,10000,c719fdf08e863348f772bc3900112d2708ed736eb526037ad3dd5b5e8f2bdfb8,1.9639413500008231,0.0,0.17650240000511985,E:\Development\NLP_S3\benchmark\cafebert_full\results\representation_cache\visfd_10000_c719fdf08e86_lexical.npz,countvectorizer_fit_transform,19.71655749999627,19.89305990000139,21.857001250002213,3.0536331000039354,ok,,0.36864550203084945,0.532,0.08510041243676984,0.996,50,10
s3-cafebert-vietnamese-full-v1,4bbba1f8131d9c8ed741219255d2985be219ecc9b9368ad84e025bcac1cd840b,visfd,nmf,42,50,10000,c719fdf08e863348f772bc3900112d2708ed736eb526037ad3dd5b5e8f2bdfb8,1.9639413500008231,0.0,0.17650240000511985,E:\Development\NLP_S3\benchmark\cafebert_full\results\representation_cache\visfd_10000_c719fdf08e86_lexical.npz,countvectorizer_fit_transform,2.99717000000237,3.17367240000749,5.137613750008313,3.6368313999992097,ok,,0.39514372795820235,0.528,0.08527216213036087,0.998,50,10
s3-cafebert-vietnamese-full-v1,4bbba1f8131d9c8ed741219255d2985be219ecc9b9368ad84e025bcac1cd840b,visfd,s3_axial,47,10,10000,c719fdf08e863348f772bc3900112d2708ed736eb526037ad3dd5b5e8f2bdfb8,1.9639413500008231,4.211881200011703,3979.428131000008,E:\Development\NLP_S3\benchmark\cafebert_full\results\representation_cache\visfd_10000_b55da79687299686ecea.npy,cafebert_mean_encode,3.6279563999996753,3983.0560874000075,3989.23190995002,1.2083249999996042,ok,,0.3986358463764191,0.89,-0.30657712797904074,0.9,10,10
s3-cafebert-vietnamese-full-v1,4bbba1f8131d9c8ed741219255d2985be219ecc9b9368ad84e025bcac1cd840b,visfd,s3_angular,47,10,10000,c719fdf08e863348f772bc3900112d2708ed736eb526037ad3dd5b5e8f2bdfb8,1.9639413500008231,4.211881200011703,3979.428131000008,E:\Development\NLP_S3\benchmark\cafebert_full\results\representation_cache\visfd_10000_b55da79687299686ecea.npy,cafebert_mean_encode,3.627912900003139,3983.056043900011,3989.2318664500235,1.2208157999994,ok,,0.40743846297264097,0.93,-0.2979590667848849,0.91,10,10
s3-cafebert-vietnamese-full-v1,4bbba1f8131d9c8ed741219255d2985be219ecc9b9368ad84e025bcac1cd840b,visfd,s3_combined,47,10,10000,c719fdf08e863348f772bc3900112d2708ed736eb526037ad3dd5b5e8f2bdfb8,1.9639413500008231,4.211881200011703,3979.428131000008,E:\Development\NLP_S3\benchmark\cafebert_full\results\representation_cache\visfd_10000_b55da79687299686ecea.npy,cafebert_mean_encode,3.627942899998743,3983.0560739000066,3989.231896450019,1.2339159999974072,ok,,0.39562930166721344,0.92,-0.2970828386703394,0.91,10,10
s3-cafebert-vietnamese-full-v1,4bbba1f8131d9c8ed741219255d2985be219ecc9b9368ad84e025bcac1cd840b,visfd,lda,47,10,10000,c719fdf08e863348f772bc3900112d2708ed736eb526037ad3dd5b5e8f2bdfb8,1.9639413500008231,0.0,0.17650240000511985,E:\Development\NLP_S3\benchmark\cafebert_full\results\representation_cache\visfd_10000_c719fdf08e86_lexical.npz,countvectorizer_fit_transform,20.032409799998277,20.208912200003397,22.17285355000422,1.8768170999974245,ok,,0.34315803498029707,0.68,0.09468196513579981,1.0,10,10
s3-cafebert-vietnamese-full-v1,4bbba1f8131d9c8ed741219255d2985be219ecc9b9368ad84e025bcac1cd840b,visfd,nmf,47,10,10000,c719fdf08e863348f772bc3900112d2708ed736eb526037ad3dd5b5e8f2bdfb8,1.9639413500008231,0.0,0.17650240000511985,E:\Development\NLP_S3\benchmark\cafebert_full\results\representation_cache\visfd_10000_c719fdf08e86_lexical.npz,countvectorizer_fit_transform,0.4003671999962535,0.5768696000013733,2.5408109500021965,2.03031670000928,ok,,0.37843125462532046,0.76,0.07996568793101165,1.0,10,10
s3-cafebert-vietnamese-full-v1,4bbba1f8131d9c8ed741219255d2985be219ecc9b9368ad84e025bcac1cd840b,visfd,bertopic_kmeans,47,10,10000,c719fdf08e863348f772bc3900112d2708ed736eb526037ad3dd5b5e8f2bdfb8,1.9639413500008231,4.211881200011703,3979.428131000008,E:\Development\NLP_S3\benchmark\cafebert_full\results\representation_cache\visfd_10000_b55da79687299686ecea.npy,cafebert_mean_encode,16.704903799996828,3996.1330348000047,4002.308857350017,0.9925230000080774,ok,,0.4388683423399925,0.4,-0.1808627880360263,1.0,10,10
s3-cafebert-vietnamese-full-v1,4bbba1f8131d9c8ed741219255d2985be219ecc9b9368ad84e025bcac1cd840b,visfd,s3_angular,47,20,10000,c719fdf08e863348f772bc3900112d2708ed736eb526037ad3dd5b5e8f2bdfb8,1.9639413500008231,4.211881200011703,3979.428131000008,E:\Development\NLP_S3\benchmark\cafebert_full\results\representation_cache\visfd_10000_b55da79687299686ecea.npy,cafebert_mean_encode,2.4220443999947747,3981.8501754000026,3988.025997950015,1.3685461999994004,ok,,0.5138891249895096,0.95,-0.3472140822184102,0.795,20,10
s3-cafebert-vietnamese-full-v1,4bbba1f8131d9c8ed741219255d2985be219ecc9b9368ad84e025bcac1cd840b,visfd,s3_combined,47,20,10000,c719fdf08e863348f772bc3900112d2708ed736eb526037ad3dd5b5e8f2bdfb8,1.9639413500008231,4.211881200011703,3979.428131000008,E:\Development\NLP_S3\benchmark\cafebert_full\results\representation_cache\visfd_10000_b55da79687299686ecea.npy,cafebert_mean_encode,2.422246499991161,3981.850377499999,3988.0262000500115,1.42795379999734,ok,,0.5053708150982856,0.94,-0.3493618730637245,0.79,20,10
s3-cafebert-vietnamese-full-v1,4bbba1f8131d9c8ed741219255d2985be219ecc9b9368ad84e025bcac1cd840b,visfd,lda,47,20,10000,c719fdf08e863348f772bc3900112d2708ed736eb526037ad3dd5b5e8f2bdfb8,1.9639413500008231,0.0,0.17650240000511985,E:\Development\NLP_S3\benchmark\cafebert_full\results\representation_cache\visfd_10000_c719fdf08e86_lexical.npz,countvectorizer_fit_transform,17.77942449999682,17.95592690000194,19.919868250002764,2.1444837000017287,ok,,0.37465631291270257,0.605,0.10533092157158135,0.995,20,10
s3-cafebert-vietnamese-full-v1,4bbba1f8131d9c8ed741219255d2985be219ecc9b9368ad84e025bcac1cd840b,visfd,nmf,47,20,10000,c719fdf08e863348f772bc3900112d2708ed736eb526037ad3dd5b5e8f2bdfb8,1.9639413500008231,0.0,0.17650240000511985,E:\Development\NLP_S3\benchmark\cafebert_full\results\representation_cache\visfd_10000_c719fdf08e86_lexical.npz,countvectorizer_fit_transform,0.5770396999869263,0.7535420999920461,2.7174834499928693,2.223990099999355,ok,,0.38761924877762793,0.675,0.09703512161903718,1.0,20,10
s3-cafebert-vietnamese-full-v1,4bbba1f8131d9c8ed741219255d2985be219ecc9b9368ad84e025bcac1cd840b,visfd,bertopic_kmeans,47,20,10000,c719fdf08e863348f772bc3900112d2708ed736eb526037ad3dd5b5e8f2bdfb8,1.9639413500008231,4.211881200011703,3979.428131000008,E:\Development\NLP_S3\benchmark\cafebert_full\results\representation_cache\visfd_10000_b55da79687299686ecea.npy,cafebert_mean_encode,16.80566309999267,3996.2337941000005,4002.409616650013,1.2382231000083266,ok,,0.4522177092730999,0.28,-0.2109924177901114,1.0,20,10
s3-cafebert-vietnamese-full-v1,4bbba1f8131d9c8ed741219255d2985be219ecc9b9368ad84e025bcac1cd840b,visfd,s3_axial,47,20,10000,c719fdf08e863348f772bc3900112d2708ed736eb526037ad3dd5b5e8f2bdfb8,1.9639413500008231,4.211881200011703,3979.428131000008,E:\Development\NLP_S3\benchmark\cafebert_full\results\representation_cache\visfd_10000_b55da79687299686ecea.npy,cafebert_mean_encode,2.421574399995734,3981.8497054000036,3988.025527950016,1.4894412999856286,ok,,0.5061972722411155,0.91,-0.3483363850578774,0.78,20,10
s3-cafebert-vietnamese-full-v1,4bbba1f8131d9c8ed741219255d2985be219ecc9b9368ad84e025bcac1cd840b,visfd,s3_combined,47,30,10000,c719fdf08e863348f772bc3900112d2708ed736eb526037ad3dd5b5e8f2bdfb8,1.9639413500008231,4.211881200011703,3979.428131000008,E:\Development\NLP_S3\benchmark\cafebert_full\results\representation_cache\visfd_10000_b55da79687299686ecea.npy,cafebert_mean_encode,3.5460980999923777,3982.9742291000002,3989.1500516500128,1.6923356999905081,ok,,0.5113939136266709,0.8466666666666667,-0.36644428061943857,0.8766666666666667,30,10
s3-cafebert-vietnamese-full-v1,4bbba1f8131d9c8ed741219255d2985be219ecc9b9368ad84e025bcac1cd840b,visfd,lda,47,30,10000,c719fdf08e863348f772bc3900112d2708ed736eb526037ad3dd5b5e8f2bdfb8,1.9639413500008231,0.0,0.17650240000511985,E:\Development\NLP_S3\benchmark\cafebert_full\results\representation_cache\visfd_10000_c719fdf08e86_lexical.npz,countvectorizer_fit_transform,19.177263499994297,19.353765899999416,21.31770725000024,2.46976240001095,ok,,0.3636052851875623,0.5933333333333334,0.09300030126525978,0.9933333333333333,30,10
s3-cafebert-vietnamese-full-v1,4bbba1f8131d9c8ed741219255d2985be219ecc9b9368ad84e025bcac1cd840b,visfd,nmf,47,30,10000,c719fdf08e863348f772bc3900112d2708ed736eb526037ad3dd5b5e8f2bdfb8,1.9639413500008231,0.0,0.17650240000511985,E:\Development\NLP_S3\benchmark\cafebert_full\results\representation_cache\visfd_10000_c719fdf08e86_lexical.npz,countvectorizer_fit_transform,0.8058229999878677,0.9823253999929875,2.9462667499938107,2.6991981999890413,ok,,0.3798283571998278,0.6033333333333334,0.08747740660760643,1.0,30,10
s3-cafebert-vietnamese-full-v1,4bbba1f8131d9c8ed741219255d2985be219ecc9b9368ad84e025bcac1cd840b,visfd,bertopic_kmeans,47,30,10000,c719fdf08e863348f772bc3900112d2708ed736eb526037ad3dd5b5e8f2bdfb8,1.9639413500008231,4.211881200011703,3979.428131000008,E:\Development\NLP_S3\benchmark\cafebert_full\results\representation_cache\visfd_10000_b55da79687299686ecea.npy,cafebert_mean_encode,16.99360980000347,3996.4217408000113,4002.597563350024,1.1874341999937315,ok,,0.4202773213386536,0.24,-0.2343660913970857,1.0,30,10
s3-cafebert-vietnamese-full-v1,4bbba1f8131d9c8ed741219255d2985be219ecc9b9368ad84e025bcac1cd840b,visfd,s3_axial,47,30,10000,c719fdf08e863348f772bc3900112d2708ed736eb526037ad3dd5b5e8f2bdfb8,1.9639413500008231,4.211881200011703,3979.428131000008,E:\Development\NLP_S3\benchmark\cafebert_full\results\representation_cache\visfd_10000_b55da79687299686ecea.npy,cafebert_mean_encode,3.5452026999992086,3982.973333700007,3989.1491562500196,1.5672813999990467,ok,,0.49707681238651275,0.8133333333333334,-0.35901417478702213,0.8766666666666667,30,10
s3-cafebert-vietnamese-full-v1,4bbba1f8131d9c8ed741219255d2985be219ecc9b9368ad84e025bcac1cd840b,visfd,s3_angular,47,30,10000,c719fdf08e863348f772bc3900112d2708ed736eb526037ad3dd5b5e8f2bdfb8,1.9639413500008231,4.211881200011703,3979.428131000008,E:\Development\NLP_S3\benchmark\cafebert_full\results\representation_cache\visfd_10000_b55da79687299686ecea.npy,cafebert_mean_encode,3.5461593000072753,3982.974290300015,3989.1501128500277,1.603467399996589,ok,,0.5139104634523392,0.8766666666666667,-0.3674813352869376,0.8766666666666667,30,10
s3-cafebert-vietnamese-full-v1,4bbba1f8131d9c8ed741219255d2985be219ecc9b9368ad84e025bcac1cd840b,visfd,lda,47,40,10000,c719fdf08e863348f772bc3900112d2708ed736eb526037ad3dd5b5e8f2bdfb8,1.9639413500008231,0.0,0.17650240000511985,E:\Development\NLP_S3\benchmark\cafebert_full\results\representation_cache\visfd_10000_c719fdf08e86_lexical.npz,countvectorizer_fit_transform,18.935123499992187,19.111625899997307,21.07556724999813,2.835579000005964,ok,,0.36957112289965155,0.565,0.1001394482080468,0.9975,40,10
s3-cafebert-vietnamese-full-v1,4bbba1f8131d9c8ed741219255d2985be219ecc9b9368ad84e025bcac1cd840b,visfd,nmf,47,40,10000,c719fdf08e863348f772bc3900112d2708ed736eb526037ad3dd5b5e8f2bdfb8,1.9639413500008231,0.0,0.17650240000511985,E:\Development\NLP_S3\benchmark\cafebert_full\results\representation_cache\visfd_10000_c719fdf08e86_lexical.npz,countvectorizer_fit_transform,2.0484960000030696,2.2249984000081895,4.188939750009013,2.845106399996439,ok,,0.3875653512775898,0.545,0.08480025855920029,1.0,40,10
s3-cafebert-vietnamese-full-v1,4bbba1f8131d9c8ed741219255d2985be219ecc9b9368ad84e025bcac1cd840b,visfd,bertopic_kmeans,47,40,10000,c719fdf08e863348f772bc3900112d2708ed736eb526037ad3dd5b5e8f2bdfb8,1.9639413500008231,4.211881200011703,3979.428131000008,E:\Development\NLP_S3\benchmark\cafebert_full\results\representation_cache\visfd_10000_b55da79687299686ecea.npy,cafebert_mean_encode,17.239944900007686,3996.6680759000155,4002.843898450028,1.3269625999964774,ok,,0.43317478336393833,0.225,-0.23337154943158148,1.0,40,10
s3-cafebert-vietnamese-full-v1,4bbba1f8131d9c8ed741219255d2985be219ecc9b9368ad84e025bcac1cd840b,visfd,s3_axial,47,40,10000,c719fdf08e863348f772bc3900112d2708ed736eb526037ad3dd5b5e8f2bdfb8,1.9639413500008231,4.211881200011703,3979.428131000008,E:\Development\NLP_S3\benchmark\cafebert_full\results\representation_cache\visfd_10000_b55da79687299686ecea.npy,cafebert_mean_encode,2.8907974000030663,3982.318928400011,3988.4947509500234,1.7062371000065468,ok,,0.5285033911466599,0.775,-0.3657174329276419,0.92,40,10
s3-cafebert-vietnamese-full-v1,4bbba1f8131d9c8ed741219255d2985be219ecc9b9368ad84e025bcac1cd840b,visfd,s3_angular,47,40,10000,c719fdf08e863348f772bc3900112d2708ed736eb526037ad3dd5b5e8f2bdfb8,1.9639413500008231,4.211881200011703,3979.428131000008,E:\Development\NLP_S3\benchmark\cafebert_full\results\representation_cache\visfd_10000_b55da79687299686ecea.npy,cafebert_mean_encode,2.891969899996184,3982.320100900004,3988.4959234500166,1.8112276000028942,ok,,0.5253818958997727,0.8575,-0.3644942827171442,0.9175,40,10
s3-cafebert-vietnamese-full-v1,4bbba1f8131d9c8ed741219255d2985be219ecc9b9368ad84e025bcac1cd840b,visfd,s3_combined,47,40,10000,c719fdf08e863348f772bc3900112d2708ed736eb526037ad3dd5b5e8f2bdfb8,1.9639413500008231,4.211881200011703,3979.428131000008,E:\Development\NLP_S3\benchmark\cafebert_full\results\representation_cache\visfd_10000_b55da79687299686ecea.npy,cafebert_mean_encode,2.891861500000232,3982.319992500008,3988.4958150500206,1.7621483999973862,ok,,0.5303501442074776,0.82,-0.36563908289558594,0.9175,40,10
s3-cafebert-vietnamese-full-v1,4bbba1f8131d9c8ed741219255d2985be219ecc9b9368ad84e025bcac1cd840b,visfd,nmf,47,50,10000,c719fdf08e863348f772bc3900112d2708ed736eb526037ad3dd5b5e8f2bdfb8,1.9639413500008231,0.0,0.17650240000511985,E:\Development\NLP_S3\benchmark\cafebert_full\results\representation_cache\visfd_10000_c719fdf08e86_lexical.npz,countvectorizer_fit_transform,2.210380000004079,2.386882400009199,4.350823750010022,3.1292768999992404,ok,,0.3982549375295639,0.53,0.08688615184881578,0.998,50,10
s3-cafebert-vietnamese-full-v1,4bbba1f8131d9c8ed741219255d2985be219ecc9b9368ad84e025bcac1cd840b,visfd,bertopic_kmeans,47,50,10000,c719fdf08e863348f772bc3900112d2708ed736eb526037ad3dd5b5e8f2bdfb8,1.9639413500008231,4.211881200011703,3979.428131000008,E:\Development\NLP_S3\benchmark\cafebert_full\results\representation_cache\visfd_10000_b55da79687299686ecea.npy,cafebert_mean_encode,17.945598299993435,3997.3737293000013,4003.549551850014,1.3806841000041459,ok,,0.4300482606887817,0.218,-0.24791665769988203,1.0,50,10
s3-cafebert-vietnamese-full-v1,4bbba1f8131d9c8ed741219255d2985be219ecc9b9368ad84e025bcac1cd840b,visfd,s3_axial,47,50,10000,c719fdf08e863348f772bc3900112d2708ed736eb526037ad3dd5b5e8f2bdfb8,1.9639413500008231,4.211881200011703,3979.428131000008,E:\Development\NLP_S3\benchmark\cafebert_full\results\representation_cache\visfd_10000_b55da79687299686ecea.npy,cafebert_mean_encode,4.528449800011003,3983.956580800019,3990.1324033500314,1.8791132000042126,ok,,0.5270840454101563,0.722,-0.38143278228212735,0.876,50,10
s3-cafebert-vietnamese-full-v1,4bbba1f8131d9c8ed741219255d2985be219ecc9b9368ad84e025bcac1cd840b,visfd,s3_angular,47,50,10000,c719fdf08e863348f772bc3900112d2708ed736eb526037ad3dd5b5e8f2bdfb8,1.9639413500008231,4.211881200011703,3979.428131000008,E:\Development\NLP_S3\benchmark\cafebert_full\results\representation_cache\visfd_10000_b55da79687299686ecea.npy,cafebert_mean_encode,4.529297600020072,3983.957428600028,3990.1332511500405,2.111511299997801,ok,,0.510147653222084,0.816,-0.37266603752034305,0.888,50,10
s3-cafebert-vietnamese-full-v1,4bbba1f8131d9c8ed741219255d2985be219ecc9b9368ad84e025bcac1cd840b,visfd,s3_combined,47,50,10000,c719fdf08e863348f772bc3900112d2708ed736eb526037ad3dd5b5e8f2bdfb8,1.9639413500008231,4.211881200011703,3979.428131000008,E:\Development\NLP_S3\benchmark\cafebert_full\results\representation_cache\visfd_10000_b55da79687299686ecea.npy,cafebert_mean_encode,4.529716600009124,3983.957847600017,3990.1336701500295,2.049837900005514,ok,,0.5257130989432335,0.766,-0.38089868728107695,0.878,50,10
s3-cafebert-vietnamese-full-v1,4bbba1f8131d9c8ed741219255d2985be219ecc9b9368ad84e025bcac1cd840b,visfd,lda,47,50,10000,c719fdf08e863348f772bc3900112d2708ed736eb526037ad3dd5b5e8f2bdfb8,1.9639413500008231,0.0,0.17650240000511985,E:\Development\NLP_S3\benchmark\cafebert_full\results\representation_cache\visfd_10000_c719fdf08e86_lexical.npz,countvectorizer_fit_transform,20.56779460000689,20.74429700001201,22.708238350012834,3.1204162999929395,ok,,0.3705426576733589,0.592,0.09178127538377838,0.998,50,10
s3-cafebert-vietnamese-full-v1,4bbba1f8131d9c8ed741219255d2985be219ecc9b9368ad84e025bcac1cd840b,vi-medical,s3_axial,11,10,12060,15f5601e6cb64d461ded353f61131a7395abd361ca4fce9959f42a19b966d614,1.9639413500008231,4.211881200011703,2352.0463493999996,E:\Development\NLP_S3\benchmark\cafebert_full\results\representation_cache\vi-medical_12060_c06dda5b014702137f7d.npy,cafebert_mean_encode,36.901963199998136,2388.9483125999977,2395.1241351500103,0.982213800001773,ok,,0.4913469612598419,0.83,-0.4041982023429373,1.0,10,10
s3-cafebert-vietnamese-full-v1,4bbba1f8131d9c8ed741219255d2985be219ecc9b9368ad84e025bcac1cd840b,vi-medical,s3_angular,11,10,12060,15f5601e6cb64d461ded353f61131a7395abd361ca4fce9959f42a19b966d614,1.9639413500008231,4.211881200011703,2352.0463493999996,E:\Development\NLP_S3\benchmark\cafebert_full\results\representation_cache\vi-medical_12060_c06dda5b014702137f7d.npy,cafebert_mean_encode,36.902556100001675,2388.9489055000013,2395.124728050014,0.9016142999898875,ok,,0.5153720945119857,0.84,-0.41228194663042395,1.0,10,10
s3-cafebert-vietnamese-full-v1,4bbba1f8131d9c8ed741219255d2985be219ecc9b9368ad84e025bcac1cd840b,vi-medical,s3_combined,11,10,12060,15f5601e6cb64d461ded353f61131a7395abd361ca4fce9959f42a19b966d614,1.9639413500008231,4.211881200011703,2352.0463493999996,E:\Development\NLP_S3\benchmark\cafebert_full\results\representation_cache\vi-medical_12060_c06dda5b014702137f7d.npy,cafebert_mean_encode,36.90261790000659,2388.948967300006,2395.1247898500187,1.0075491000025067,ok,,0.4947832107543945,0.83,-0.40920106597684464,1.0,10,10
s3-cafebert-vietnamese-full-v1,4bbba1f8131d9c8ed741219255d2985be219ecc9b9368ad84e025bcac1cd840b,vi-medical,lda,11,10,12060,15f5601e6cb64d461ded353f61131a7395abd361ca4fce9959f42a19b966d614,1.9639413500008231,0.0,0.3336284999968484,E:\Development\NLP_S3\benchmark\cafebert_full\results\representation_cache\vi-medical_12060_15f5601e6cb6_lexical.npz,countvectorizer_fit_transform,16.902435299998615,17.236063799995463,19.200005149996286,1.194531300003291,ok,,0.14179684668779374,0.26,0.10073771723638388,1.0,10,10
s3-cafebert-vietnamese-full-v1,4bbba1f8131d9c8ed741219255d2985be219ecc9b9368ad84e025bcac1cd840b,vi-medical,nmf,11,10,12060,15f5601e6cb64d461ded353f61131a7395abd361ca4fce9959f42a19b966d614,1.9639413500008231,0.0,0.3336284999968484,E:\Development\NLP_S3\benchmark\cafebert_full\results\representation_cache\vi-medical_12060_15f5601e6cb6_lexical.npz,countvectorizer_fit_transform,0.5651892000023508,0.8988176999991992,2.8627590500000224,1.2594656000001123,ok,,0.17864826172590256,0.45,0.09053816113249796,1.0,10,10
s3-cafebert-vietnamese-full-v1,4bbba1f8131d9c8ed741219255d2985be219ecc9b9368ad84e025bcac1cd840b,vi-medical,bertopic_kmeans,11,10,12060,15f5601e6cb64d461ded353f61131a7395abd361ca4fce9959f42a19b966d614,1.9639413500008231,4.211881200011703,2352.0463493999996,E:\Development\NLP_S3\benchmark\cafebert_full\results\representation_cache\vi-medical_12060_c06dda5b014702137f7d.npy,cafebert_mean_encode,8.222806200006744,2360.2691556000063,2366.444978150019,0.5955751000001328,ok,,0.3355432525277138,0.51,-0.3178030193736401,1.0,10,10
s3-cafebert-vietnamese-full-v1,4bbba1f8131d9c8ed741219255d2985be219ecc9b9368ad84e025bcac1cd840b,vi-medical,s3_angular,11,20,12060,15f5601e6cb64d461ded353f61131a7395abd361ca4fce9959f42a19b966d614,1.9639413500008231,4.211881200011703,2352.0463493999996,E:\Development\NLP_S3\benchmark\cafebert_full\results\representation_cache\vi-medical_12060_c06dda5b014702137f7d.npy,cafebert_mean_encode,4.497521800003597,2356.543871200003,2362.7196937500157,1.073115199993481,ok,,0.5366719827055931,0.815,-0.4179313649684845,1.0,20,10
s3-cafebert-vietnamese-full-v1,4bbba1f8131d9c8ed741219255d2985be219ecc9b9368ad84e025bcac1cd840b,vi-medical,s3_combined,11,20,12060,15f5601e6cb64d461ded353f61131a7395abd361ca4fce9959f42a19b966d614,1.9639413500008231,4.211881200011703,2352.0463493999996,E:\Development\NLP_S3\benchmark\cafebert_full\results\representation_cache\vi-medical_12060_c06dda5b014702137f7d.npy,cafebert_mean_encode,4.4977222999877995,2356.5440716999874,2362.71989425,1.2398488000035286,ok,,0.5265801101922989,0.79,-0.4056429328915224,1.0,20,10
s3-cafebert-vietnamese-full-v1,4bbba1f8131d9c8ed741219255d2985be219ecc9b9368ad84e025bcac1cd840b,vi-medical,lda,11,20,12060,15f5601e6cb64d461ded353f61131a7395abd361ca4fce9959f42a19b966d614,1.9639413500008231,0.0,0.3336284999968484,E:\Development\NLP_S3\benchmark\cafebert_full\results\representation_cache\vi-medical_12060_15f5601e6cb6_lexical.npz,countvectorizer_fit_transform,18.9296800000011,19.263308499997947,21.22724984999877,1.380399400004535,ok,,0.13845620714128018,0.27,0.11352912831921944,1.0,20,10
s3-cafebert-vietnamese-full-v1,4bbba1f8131d9c8ed741219255d2985be219ecc9b9368ad84e025bcac1cd840b,vi-medical,nmf,11,20,12060,15f5601e6cb64d461ded353f61131a7395abd361ca4fce9959f42a19b966d614,1.9639413500008231,0.0,0.3336284999968484,E:\Development\NLP_S3\benchmark\cafebert_full\results\representation_cache\vi-medical_12060_15f5601e6cb6_lexical.npz,countvectorizer_fit_transform,2.3706583000021055,2.704286799998954,4.668228149999777,1.7986283999925945,ok,,0.2932899959385395,0.535,0.09557498158112124,1.0,20,10
s3-cafebert-vietnamese-full-v1,4bbba1f8131d9c8ed741219255d2985be219ecc9b9368ad84e025bcac1cd840b,vi-medical,bertopic_kmeans,11,20,12060,15f5601e6cb64d461ded353f61131a7395abd361ca4fce9959f42a19b966d614,1.9639413500008231,4.211881200011703,2352.0463493999996,E:\Development\NLP_S3\benchmark\cafebert_full\results\representation_cache\vi-medical_12060_c06dda5b014702137f7d.npy,cafebert_mean_encode,11.646858899999643,2363.6932082999992,2369.8690308500118,0.6911816000065301,ok,,0.45872696535661817,0.445,-0.35476166995141123,1.0,20,10
s3-cafebert-vietnamese-full-v1,4bbba1f8131d9c8ed741219255d2985be219ecc9b9368ad84e025bcac1cd840b,vi-medical,s3_axial,11,20,12060,15f5601e6cb64d461ded353f61131a7395abd361ca4fce9959f42a19b966d614,1.9639413500008231,4.211881200011703,2352.0463493999996,E:\Development\NLP_S3\benchmark\cafebert_full\results\representation_cache\vi-medical_12060_c06dda5b014702137f7d.npy,cafebert_mean_encode,4.496939200005727,2356.5432886000053,2362.719111150018,1.2828655000048457,ok,,0.5259260013699532,0.795,-0.4026311967519291,1.0,20,10
s3-cafebert-vietnamese-full-v1,4bbba1f8131d9c8ed741219255d2985be219ecc9b9368ad84e025bcac1cd840b,vi-medical,s3_combined,11,30,12060,15f5601e6cb64d461ded353f61131a7395abd361ca4fce9959f42a19b966d614,1.9639413500008231,4.211881200011703,2352.0463493999996,E:\Development\NLP_S3\benchmark\cafebert_full\results\representation_cache\vi-medical_12060_c06dda5b014702137f7d.npy,cafebert_mean_encode,13.105818299984094,2365.1521676999837,2371.327990249996,1.5188423999934457,ok,,0.5513721019029617,0.7966666666666666,-0.42299586929802496,0.9966666666666667,30,10
s3-cafebert-vietnamese-full-v1,4bbba1f8131d9c8ed741219255d2985be219ecc9b9368ad84e025bcac1cd840b,vi-medical,lda,11,30,12060,15f5601e6cb64d461ded353f61131a7395abd361ca4fce9959f42a19b966d614,1.9639413500008231,0.0,0.3336284999968484,E:\Development\NLP_S3\benchmark\cafebert_full\results\representation_cache\vi-medical_12060_15f5601e6cb6_lexical.npz,countvectorizer_fit_transform,18.78598420000344,19.11961270000029,21.083554050001112,1.557182999997167,ok,,0.14067984595894814,0.25666666666666665,0.12314679866677863,1.0,30,10
s3-cafebert-vietnamese-full-v1,4bbba1f8131d9c8ed741219255d2985be219ecc9b9368ad84e025bcac1cd840b,vi-medical,nmf,11,30,12060,15f5601e6cb64d461ded353f61131a7395abd361ca4fce9959f42a19b966d614,1.9639413500008231,0.0,0.3336284999968484,E:\Development\NLP_S3\benchmark\cafebert_full\results\representation_cache\vi-medical_12060_15f5601e6cb6_lexical.npz,countvectorizer_fit_transform,4.152693299998646,4.486321799995494,6.450263149996317,1.7604932999965968,ok,,0.3319097156325976,0.5133333333333333,0.10101231334907528,1.0,30,10
s3-cafebert-vietnamese-full-v1,4bbba1f8131d9c8ed741219255d2985be219ecc9b9368ad84e025bcac1cd840b,vi-medical,bertopic_kmeans,11,30,12060,15f5601e6cb64d461ded353f61131a7395abd361ca4fce9959f42a19b966d614,1.9639413500008231,4.211881200011703,2352.0463493999996,E:\Development\NLP_S3\benchmark\cafebert_full\results\representation_cache\vi-medical_12060_c06dda5b014702137f7d.npy,cafebert_mean_encode,10.629530499994871,2362.6758798999945,2368.851702450007,0.7975334999937331,ok,,0.43048879212659336,0.48,-0.272469545662897,1.0,30,10
s3-cafebert-vietnamese-full-v1,4bbba1f8131d9c8ed741219255d2985be219ecc9b9368ad84e025bcac1cd840b,vi-medical,s3_axial,11,30,12060,15f5601e6cb64d461ded353f61131a7395abd361ca4fce9959f42a19b966d614,1.9639413500008231,4.211881200011703,2352.0463493999996,E:\Development\NLP_S3\benchmark\cafebert_full\results\representation_cache\vi-medical_12060_c06dda5b014702137f7d.npy,cafebert_mean_encode,13.103679999985616,2365.150029399985,2371.3258519499977,1.2992346999963047,ok,,0.5370783964792888,0.79,-0.4170388354403378,0.9966666666666667,30,10
s3-cafebert-vietnamese-full-v1,4bbba1f8131d9c8ed741219255d2985be219ecc9b9368ad84e025bcac1cd840b,vi-medical,s3_angular,11,30,12060,15f5601e6cb64d461ded353f61131a7395abd361ca4fce9959f42a19b966d614,1.9639413500008231,4.211881200011703,2352.0463493999996,E:\Development\NLP_S3\benchmark\cafebert_full\results\representation_cache\vi-medical_12060_c06dda5b014702137f7d.npy,cafebert_mean_encode,13.10427469998831,2365.150624099988,2371.3264466500004,1.2458670000050915,ok,,0.5473710358142853,0.8033333333333333,-0.4200481755642664,0.9933333333333333,30,10
s3-cafebert-vietnamese-full-v1,4bbba1f8131d9c8ed741219255d2985be219ecc9b9368ad84e025bcac1cd840b,vi-medical,lda,11,40,12060,15f5601e6cb64d461ded353f61131a7395abd361ca4fce9959f42a19b966d614,1.9639413500008231,0.0,0.3336284999968484,E:\Development\NLP_S3\benchmark\cafebert_full\results\representation_cache\vi-medical_12060_15f5601e6cb6_lexical.npz,countvectorizer_fit_transform,18.7472967000067,19.08092520000355,21.04486655000437,1.4899373999942327,ok,,0.14062848426401614,0.265,0.11919315402864565,1.0,40,10
s3-cafebert-vietnamese-full-v1,4bbba1f8131d9c8ed741219255d2985be219ecc9b9368ad84e025bcac1cd840b,vi-medical,nmf,11,40,12060,15f5601e6cb64d461ded353f61131a7395abd361ca4fce9959f42a19b966d614,1.9639413500008231,0.0,0.3336284999968484,E:\Development\NLP_S3\benchmark\cafebert_full\results\representation_cache\vi-medical_12060_15f5601e6cb6_lexical.npz,countvectorizer_fit_transform,6.237561999994796,6.571190499991644,8.535131849992467,1.8251868999941507,ok,,0.36013642568141224,0.52,0.0905809018035768,1.0,40,10
s3-cafebert-vietnamese-full-v1,4bbba1f8131d9c8ed741219255d2985be219ecc9b9368ad84e025bcac1cd840b,vi-medical,bertopic_kmeans,11,40,12060,15f5601e6cb64d461ded353f61131a7395abd361ca4fce9959f42a19b966d614,1.9639413500008231,4.211881200011703,2352.0463493999996,E:\Development\NLP_S3\benchmark\cafebert_full\results\representation_cache\vi-medical_12060_c06dda5b014702137f7d.npy,cafebert_mean_encode,10.20041050000873,2362.2467599000083,2368.422582450021,0.8935792999982368,ok,,0.3971312858404652,0.465,-0.2061372151668654,1.0,40,10
s3-cafebert-vietnamese-full-v1,4bbba1f8131d9c8ed741219255d2985be219ecc9b9368ad84e025bcac1cd840b,vi-medical,s3_axial,11,40,12060,15f5601e6cb64d461ded353f61131a7395abd361ca4fce9959f42a19b966d614,1.9639413500008231,4.211881200011703,2352.0463493999996,E:\Development\NLP_S3\benchmark\cafebert_full\results\representation_cache\vi-medical_12060_c06dda5b014702137f7d.npy,cafebert_mean_encode,5.586416899997857,2357.6327662999975,2363.80858885001,1.1882848999957787,ok,,0.5334534280002117,0.6825,-0.4099106867034591,1.0,40,10
s3-cafebert-vietnamese-full-v1,4bbba1f8131d9c8ed741219255d2985be219ecc9b9368ad84e025bcac1cd840b,vi-medical,s3_angular,11,40,12060,15f5601e6cb64d461ded353f61131a7395abd361ca4fce9959f42a19b966d614,1.9639413500008231,4.211881200011703,2352.0463493999996,E:\Development\NLP_S3\benchmark\cafebert_full\results\representation_cache\vi-medical_12060_c06dda5b014702137f7d.npy,cafebert_mean_encode,5.58739409998816,2357.6337434999878,2363.8095660500003,1.265372900001239,ok,,0.5382908932864666,0.795,-0.39807994643754485,1.0,40,10
s3-cafebert-vietnamese-full-v1,4bbba1f8131d9c8ed741219255d2985be219ecc9b9368ad84e025bcac1cd840b,vi-medical,s3_combined,11,40,12060,15f5601e6cb64d461ded353f61131a7395abd361ca4fce9959f42a19b966d614,1.9639413500008231,4.211881200011703,2352.0463493999996,E:\Development\NLP_S3\benchmark\cafebert_full\results\representation_cache\vi-medical_12060_c06dda5b014702137f7d.npy,cafebert_mean_encode,5.587688799991156,2357.6340381999908,2363.8098607500033,1.2686822999967262,ok,,0.5261605560779572,0.7125,-0.4017050103452295,1.0,40,10
s3-cafebert-vietnamese-full-v1,4bbba1f8131d9c8ed741219255d2985be219ecc9b9368ad84e025bcac1cd840b,vi-medical,nmf,11,50,12060,15f5601e6cb64d461ded353f61131a7395abd361ca4fce9959f42a19b966d614,1.9639413500008231,0.0,0.3336284999968484,E:\Development\NLP_S3\benchmark\cafebert_full\results\representation_cache\vi-medical_12060_15f5601e6cb6_lexical.npz,countvectorizer_fit_transform,8.072284300011233,8.405912800008082,10.369854150008905,1.9408379000087734,ok,,0.3995953395962715,0.532,0.0765376808119068,1.0,50,10
s3-cafebert-vietnamese-full-v1,4bbba1f8131d9c8ed741219255d2985be219ecc9b9368ad84e025bcac1cd840b,vi-medical,bertopic_kmeans,11,50,12060,15f5601e6cb64d461ded353f61131a7395abd361ca4fce9959f42a19b966d614,1.9639413500008231,4.211881200011703,2352.0463493999996,E:\Development\NLP_S3\benchmark\cafebert_full\results\representation_cache\vi-medical_12060_c06dda5b014702137f7d.npy,cafebert_mean_encode,10.309707499996875,2362.3560568999965,2368.531879450009,0.8133766000100877,ok,,0.402113992243241,0.418,-0.13923535566287681,1.0,50,10
s3-cafebert-vietnamese-full-v1,4bbba1f8131d9c8ed741219255d2985be219ecc9b9368ad84e025bcac1cd840b,vi-medical,s3_axial,11,50,12060,15f5601e6cb64d461ded353f61131a7395abd361ca4fce9959f42a19b966d614,1.9639413500008231,4.211881200011703,2352.0463493999996,E:\Development\NLP_S3\benchmark\cafebert_full\results\representation_cache\vi-medical_12060_c06dda5b014702137f7d.npy,cafebert_mean_encode,6.433746699985932,2358.4800960999855,2364.655918649998,1.3697864999994636,ok,,0.5307708114385605,0.664,-0.42169861938044934,1.0,50,10
s3-cafebert-vietnamese-full-v1,4bbba1f8131d9c8ed741219255d2985be219ecc9b9368ad84e025bcac1cd840b,vi-medical,s3_angular,11,50,12060,15f5601e6cb64d461ded353f61131a7395abd361ca4fce9959f42a19b966d614,1.9639413500008231,4.211881200011703,2352.0463493999996,E:\Development\NLP_S3\benchmark\cafebert_full\results\representation_cache\vi-medical_12060_c06dda5b014702137f7d.npy,cafebert_mean_encode,6.434694099996705,2358.4810434999963,2364.656866050009,1.4188805000012508,ok,,0.5259264916181564,0.72,-0.40196386185287947,1.0,50,10
s3-cafebert-vietnamese-full-v1,4bbba1f8131d9c8ed741219255d2985be219ecc9b9368ad84e025bcac1cd840b,vi-medical,s3_combined,11,50,12060,15f5601e6cb64d461ded353f61131a7395abd361ca4fce9959f42a19b966d614,1.9639413500008231,4.211881200011703,2352.0463493999996,E:\Development\NLP_S3\benchmark\cafebert_full\results\representation_cache\vi-medical_12060_c06dda5b014702137f7d.npy,cafebert_mean_encode,6.435144899980514,2358.48149429998,2364.6573168499926,1.533028399993782,ok,,0.5277000784873962,0.686,-0.41832195262567873,1.0,50,10
s3-cafebert-vietnamese-full-v1,4bbba1f8131d9c8ed741219255d2985be219ecc9b9368ad84e025bcac1cd840b,vi-medical,lda,11,50,12060,15f5601e6cb64d461ded353f61131a7395abd361ca4fce9959f42a19b966d614,1.9639413500008231,0.0,0.3336284999968484,E:\Development\NLP_S3\benchmark\cafebert_full\results\representation_cache\vi-medical_12060_15f5601e6cb6_lexical.npz,countvectorizer_fit_transform,16.756755900001735,17.090384399998584,19.054325749999407,1.6320210999983829,ok,,0.1450636649131775,0.274,0.12584440346752065,1.0,50,10
s3-cafebert-vietnamese-full-v1,4bbba1f8131d9c8ed741219255d2985be219ecc9b9368ad84e025bcac1cd840b,vi-medical,s3_axial,29,10,12060,15f5601e6cb64d461ded353f61131a7395abd361ca4fce9959f42a19b966d614,1.9639413500008231,4.211881200011703,2352.0463493999996,E:\Development\NLP_S3\benchmark\cafebert_full\results\representation_cache\vi-medical_12060_c06dda5b014702137f7d.npy,cafebert_mean_encode,5.721761499997228,2357.768110899997,2363.9439334500094,1.1509599999990314,ok,,0.4764128178358078,0.94,-0.3722233879699688,1.0,10,10
s3-cafebert-vietnamese-full-v1,4bbba1f8131d9c8ed741219255d2985be219ecc9b9368ad84e025bcac1cd840b,vi-medical,s3_angular,29,10,12060,15f5601e6cb64d461ded353f61131a7395abd361ca4fce9959f42a19b966d614,1.9639413500008231,4.211881200011703,2352.0463493999996,E:\Development\NLP_S3\benchmark\cafebert_full\results\representation_cache\vi-medical_12060_c06dda5b014702137f7d.npy,cafebert_mean_encode,5.722720699995989,2357.7690700999956,2363.944892650008,1.0573238999932073,ok,,0.4860549867153168,0.9,-0.376801177566599,0.99,10,10
s3-cafebert-vietnamese-full-v1,4bbba1f8131d9c8ed741219255d2985be219ecc9b9368ad84e025bcac1cd840b,vi-medical,s3_combined,29,10,12060,15f5601e6cb64d461ded353f61131a7395abd361ca4fce9959f42a19b966d614,1.9639413500008231,4.211881200011703,2352.0463493999996,E:\Development\NLP_S3\benchmark\cafebert_full\results\representation_cache\vi-medical_12060_c06dda5b014702137f7d.npy,cafebert_mean_encode,5.722534400003497,2357.768883800003,2363.9447063500156,1.078680799997528,ok,,0.47566892206668854,0.92,-0.364475862769065,0.99,10,10
s3-cafebert-vietnamese-full-v1,4bbba1f8131d9c8ed741219255d2985be219ecc9b9368ad84e025bcac1cd840b,vi-medical,lda,29,10,12060,15f5601e6cb64d461ded353f61131a7395abd361ca4fce9959f42a19b966d614,1.9639413500008231,0.0,0.3336284999968484,E:\Development\NLP_S3\benchmark\cafebert_full\results\representation_cache\vi-medical_12060_15f5601e6cb6_lexical.npz,countvectorizer_fit_transform,17.57929170000716,17.91292020000401,19.876861550004833,1.198761999999988,ok,,0.14632372930645943,0.28,0.1060392525893424,1.0,10,10
s3-cafebert-vietnamese-full-v1,4bbba1f8131d9c8ed741219255d2985be219ecc9b9368ad84e025bcac1cd840b,vi-medical,nmf,29,10,12060,15f5601e6cb64d461ded353f61131a7395abd361ca4fce9959f42a19b966d614,1.9639413500008231,0.0,0.3336284999968484,E:\Development\NLP_S3\benchmark\cafebert_full\results\representation_cache\vi-medical_12060_15f5601e6cb6_lexical.npz,countvectorizer_fit_transform,0.5405082000070252,0.8741367000038736,2.8380780500046967,1.2066653000074439,ok,,0.17864826172590256,0.45,0.09053816113249796,1.0,10,10
s3-cafebert-vietnamese-full-v1,4bbba1f8131d9c8ed741219255d2985be219ecc9b9368ad84e025bcac1cd840b,vi-medical,bertopic_kmeans,29,10,12060,15f5601e6cb64d461ded353f61131a7395abd361ca4fce9959f42a19b966d614,1.9639413500008231,4.211881200011703,2352.0463493999996,E:\Development\NLP_S3\benchmark\cafebert_full\results\representation_cache\vi-medical_12060_c06dda5b014702137f7d.npy,cafebert_mean_encode,8.475186200012104,2360.5215356000117,2366.6973581500242,0.5983718000061344,ok,,0.34546845499426126,0.49,-0.3317735241675508,1.0,10,10
s3-cafebert-vietnamese-full-v1,4bbba1f8131d9c8ed741219255d2985be219ecc9b9368ad84e025bcac1cd840b,vi-medical,s3_angular,29,20,12060,15f5601e6cb64d461ded353f61131a7395abd361ca4fce9959f42a19b966d614,1.9639413500008231,4.211881200011703,2352.0463493999996,E:\Development\NLP_S3\benchmark\cafebert_full\results\representation_cache\vi-medical_12060_c06dda5b014702137f7d.npy,cafebert_mean_encode,7.076256899992586,2359.122606299992,2365.2984288500047,1.1921526000078302,ok,,0.5279893264174461,0.795,-0.4134427370085033,1.0,20,10
s3-cafebert-vietnamese-full-v1,4bbba1f8131d9c8ed741219255d2985be219ecc9b9368ad84e025bcac1cd840b,vi-medical,s3_combined,29,20,12060,15f5601e6cb64d461ded353f61131a7395abd361ca4fce9959f42a19b966d614,1.9639413500008231,4.211881200011703,2352.0463493999996,E:\Development\NLP_S3\benchmark\cafebert_full\results\representation_cache\vi-medical_12060_c06dda5b014702137f7d.npy,cafebert_mean_encode,7.076384999993024,2359.1227343999926,2365.298556950005,1.2709319999994477,ok,,0.5290130883455276,0.775,-0.40454754681634475,1.0,20,10
s3-cafebert-vietnamese-full-v1,4bbba1f8131d9c8ed741219255d2985be219ecc9b9368ad84e025bcac1cd840b,vi-medical,lda,29,20,12060,15f5601e6cb64d461ded353f61131a7395abd361ca4fce9959f42a19b966d614,1.9639413500008231,0.0,0.3336284999968484,E:\Development\NLP_S3\benchmark\cafebert_full\results\representation_cache\vi-medical_12060_15f5601e6cb6_lexical.npz,countvectorizer_fit_transform,18.05703509999148,18.39066359998833,20.354604949989152,1.3849115000048187,ok,,0.15775302089750767,0.29,0.10754999313897255,1.0,20,10
s3-cafebert-vietnamese-full-v1,4bbba1f8131d9c8ed741219255d2985be219ecc9b9368ad84e025bcac1cd840b,vi-medical,nmf,29,20,12060,15f5601e6cb64d461ded353f61131a7395abd361ca4fce9959f42a19b966d614,1.9639413500008231,0.0,0.3336284999968484,E:\Development\NLP_S3\benchmark\cafebert_full\results\representation_cache\vi-medical_12060_15f5601e6cb6_lexical.npz,countvectorizer_fit_transform,1.5029826000100002,1.8366111000068486,3.8005524500076717,1.4171586000011303,ok,,0.29328999668359756,0.535,0.09557498158112124,1.0,20,10
s3-cafebert-vietnamese-full-v1,4bbba1f8131d9c8ed741219255d2985be219ecc9b9368ad84e025bcac1cd840b,vi-medical,bertopic_kmeans,29,20,12060,15f5601e6cb64d461ded353f61131a7395abd361ca4fce9959f42a19b966d614,1.9639413500008231,4.211881200011703,2352.0463493999996,E:\Development\NLP_S3\benchmark\cafebert_full\results\representation_cache\vi-medical_12060_c06dda5b014702137f7d.npy,cafebert_mean_encode,9.234261899997364,2361.280611299997,2367.4564338500095,0.629358999998658,ok,,0.4429492740891874,0.46,-0.3426943043637948,1.0,20,10
s3-cafebert-vietnamese-full-v1,4bbba1f8131d9c8ed741219255d2985be219ecc9b9368ad84e025bcac1cd840b,vi-medical,s3_axial,29,20,12060,15f5601e6cb64d461ded353f61131a7395abd361ca4fce9959f42a19b966d614,1.9639413500008231,4.211881200011703,2352.0463493999996,E:\Development\NLP_S3\benchmark\cafebert_full\results\representation_cache\vi-medical_12060_c06dda5b014702137f7d.npy,cafebert_mean_encode,7.076298899992253,2359.122648299992,2365.2984708500044,1.0328254000050947,ok,,0.5362968400120736,0.76,-0.407277639474288,1.0,20,10
s3-cafebert-vietnamese-full-v1,4bbba1f8131d9c8ed741219255d2985be219ecc9b9368ad84e025bcac1cd840b,vi-medical,s3_combined,29,30,12060,15f5601e6cb64d461ded353f61131a7395abd361ca4fce9959f42a19b966d614,1.9639413500008231,4.211881200011703,2352.0463493999996,E:\Development\NLP_S3\benchmark\cafebert_full\results\representation_cache\vi-medical_12060_c06dda5b014702137f7d.npy,cafebert_mean_encode,6.019587499991758,2358.0659368999914,2364.241759450004,1.2352110000065295,ok,,0.5176255385080973,0.7566666666666667,-0.4068131389380326,1.0,30,10
s3-cafebert-vietnamese-full-v1,4bbba1f8131d9c8ed741219255d2985be219ecc9b9368ad84e025bcac1cd840b,vi-medical,lda,29,30,12060,15f5601e6cb64d461ded353f61131a7395abd361ca4fce9959f42a19b966d614,1.9639413500008231,0.0,0.3336284999968484,E:\Development\NLP_S3\benchmark\cafebert_full\results\representation_cache\vi-medical_12060_15f5601e6cb6_lexical.npz,countvectorizer_fit_transform,17.64695049999864,17.980578999995487,19.94452034999631,1.5114045000082115,ok,,0.17564872900644937,0.31,0.08932857868234581,0.9966666666666667,30,10
s3-cafebert-vietnamese-full-v1,4bbba1f8131d9c8ed741219255d2985be219ecc9b9368ad84e025bcac1cd840b,vi-medical,nmf,29,30,12060,15f5601e6cb64d461ded353f61131a7395abd361ca4fce9959f42a19b966d614,1.9639413500008231,0.0,0.3336284999968484,E:\Development\NLP_S3\benchmark\cafebert_full\results\representation_cache\vi-medical_12060_15f5601e6cb6_lexical.npz,countvectorizer_fit_transform,2.1190645000024233,2.4526929999992717,4.416634350000095,1.6098820000042906,ok,,0.34628837009270985,0.52,0.09384854523726613,1.0,30,10
s3-cafebert-vietnamese-full-v1,4bbba1f8131d9c8ed741219255d2985be219ecc9b9368ad84e025bcac1cd840b,vi-medical,bertopic_kmeans,29,30,12060,15f5601e6cb64d461ded353f61131a7395abd361ca4fce9959f42a19b966d614,1.9639413500008231,4.211881200011703,2352.0463493999996,E:\Development\NLP_S3\benchmark\cafebert_full\results\representation_cache\vi-medical_12060_c06dda5b014702137f7d.npy,cafebert_mean_encode,11.337860700004967,2363.3842101000046,2369.560032650017,0.6738768000068376,ok,,0.46388594514649845,0.47,-0.3058521508597781,1.0,30,10
s3-cafebert-vietnamese-full-v1,4bbba1f8131d9c8ed741219255d2985be219ecc9b9368ad84e025bcac1cd840b,vi-medical,s3_axial,29,30,12060,15f5601e6cb64d461ded353f61131a7395abd361ca4fce9959f42a19b966d614,1.9639413500008231,4.211881200011703,2352.0463493999996,E:\Development\NLP_S3\benchmark\cafebert_full\results\representation_cache\vi-medical_12060_c06dda5b014702137f7d.npy,cafebert_mean_encode,6.018949299992528,2358.065298699992,2364.2411212500047,1.1404416000004858,ok,,0.5274239182472229,0.7333333333333333,-0.40829970024962914,1.0,30,10
s3-cafebert-vietnamese-full-v1,4bbba1f8131d9c8ed741219255d2985be219ecc9b9368ad84e025bcac1cd840b,vi-medical,s3_angular,29,30,12060,15f5601e6cb64d461ded353f61131a7395abd361ca4fce9959f42a19b966d614,1.9639413500008231,4.211881200011703,2352.0463493999996,E:\Development\NLP_S3\benchmark\cafebert_full\results\representation_cache\vi-medical_12060_c06dda5b014702137f7d.npy,cafebert_mean_encode,6.019652200004202,2358.066001600004,2364.2418241500163,1.3080743000027724,ok,,0.5223112881183625,0.7733333333333333,-0.41395849485431524,1.0,30,10
s3-cafebert-vietnamese-full-v1,4bbba1f8131d9c8ed741219255d2985be219ecc9b9368ad84e025bcac1cd840b,vi-medical,lda,29,40,12060,15f5601e6cb64d461ded353f61131a7395abd361ca4fce9959f42a19b966d614,1.9639413500008231,0.0,0.3336284999968484,E:\Development\NLP_S3\benchmark\cafebert_full\results\representation_cache\vi-medical_12060_15f5601e6cb6_lexical.npz,countvectorizer_fit_transform,17.94045290000213,18.274081399998977,20.2380227499998,1.5778846000030171,ok,,0.1519204942509532,0.2975,0.11221902793057545,1.0,40,10
s3-cafebert-vietnamese-full-v1,4bbba1f8131d9c8ed741219255d2985be219ecc9b9368ad84e025bcac1cd840b,vi-medical,nmf,29,40,12060,15f5601e6cb64d461ded353f61131a7395abd361ca4fce9959f42a19b966d614,1.9639413500008231,0.0,0.3336284999968484,E:\Development\NLP_S3\benchmark\cafebert_full\results\representation_cache\vi-medical_12060_15f5601e6cb6_lexical.npz,countvectorizer_fit_transform,3.3848799999977928,3.718508499994641,5.682449849995464,1.8016284000041196,ok,,0.387635444290936,0.5475,0.09318058002139626,1.0,40,10
s3-cafebert-vietnamese-full-v1,4bbba1f8131d9c8ed741219255d2985be219ecc9b9368ad84e025bcac1cd840b,vi-medical,bertopic_kmeans,29,40,12060,15f5601e6cb64d461ded353f61131a7395abd361ca4fce9959f42a19b966d614,1.9639413500008231,4.211881200011703,2352.0463493999996,E:\Development\NLP_S3\benchmark\cafebert_full\results\representation_cache\vi-medical_12060_c06dda5b014702137f7d.npy,cafebert_mean_encode,10.483825499992236,2362.530174899992,2368.7059974500044,0.861981800000649,ok,,0.4299362267057101,0.4625,-0.1842764257310585,1.0,40,10
s3-cafebert-vietnamese-full-v1,4bbba1f8131d9c8ed741219255d2985be219ecc9b9368ad84e025bcac1cd840b,vi-medical,s3_axial,29,40,12060,15f5601e6cb64d461ded353f61131a7395abd361ca4fce9959f42a19b966d614,1.9639413500008231,4.211881200011703,2352.0463493999996,E:\Development\NLP_S3\benchmark\cafebert_full\results\representation_cache\vi-medical_12060_c06dda5b014702137f7d.npy,cafebert_mean_encode,6.800694900011877,2358.8470443000115,2365.022866850024,1.2627377000026172,ok,,0.5527264334261417,0.6975,-0.43218308517747916,1.0,40,10
s3-cafebert-vietnamese-full-v1,4bbba1f8131d9c8ed741219255d2985be219ecc9b9368ad84e025bcac1cd840b,vi-medical,s3_angular,29,40,12060,15f5601e6cb64d461ded353f61131a7395abd361ca4fce9959f42a19b966d614,1.9639413500008231,4.211881200011703,2352.0463493999996,E:\Development\NLP_S3\benchmark\cafebert_full\results\representation_cache\vi-medical_12060_c06dda5b014702137f7d.npy,cafebert_mean_encode,6.801502500005881,2358.8478519000055,2365.023674450018,1.4189168000011705,ok,,0.5464453727006913,0.7575,-0.42451739011196377,1.0,40,10
s3-cafebert-vietnamese-full-v1,4bbba1f8131d9c8ed741219255d2985be219ecc9b9368ad84e025bcac1cd840b,vi-medical,s3_combined,29,40,12060,15f5601e6cb64d461ded353f61131a7395abd361ca4fce9959f42a19b966d614,1.9639413500008231,4.211881200011703,2352.0463493999996,E:\Development\NLP_S3\benchmark\cafebert_full\results\representation_cache\vi-medical_12060_c06dda5b014702137f7d.npy,cafebert_mean_encode,6.801446400015266,2358.847795800015,2365.0236183500274,1.334073799996986,ok,,0.5489318169653415,0.71,-0.4210556314133017,1.0,40,10
s3-cafebert-vietnamese-full-v1,4bbba1f8131d9c8ed741219255d2985be219ecc9b9368ad84e025bcac1cd840b,vi-medical,nmf,29,50,12060,15f5601e6cb64d461ded353f61131a7395abd361ca4fce9959f42a19b966d614,1.9639413500008231,0.0,0.3336284999968484,E:\Development\NLP_S3\benchmark\cafebert_full\results\representation_cache\vi-medical_12060_15f5601e6cb6_lexical.npz,countvectorizer_fit_transform,6.216254099999787,6.549882599996636,8.513823949997459,1.7872919000074035,ok,,0.3773546263575554,0.524,0.07135715310100647,1.0,50,10
s3-cafebert-vietnamese-full-v1,4bbba1f8131d9c8ed741219255d2985be219ecc9b9368ad84e025bcac1cd840b,vi-medical,bertopic_kmeans,29,50,12060,15f5601e6cb64d461ded353f61131a7395abd361ca4fce9959f42a19b966d614,1.9639413500008231,4.211881200011703,2352.0463493999996,E:\Development\NLP_S3\benchmark\cafebert_full\results\representation_cache\vi-medical_12060_c06dda5b014702137f7d.npy,cafebert_mean_encode,9.744811800002935,2361.7911612000025,2367.966983750015,0.7257322000077693,ok,,0.4127684155025998,0.424,-0.20195680250577802,1.0,50,10
s3-cafebert-vietnamese-full-v1,4bbba1f8131d9c8ed741219255d2985be219ecc9b9368ad84e025bcac1cd840b,vi-medical,s3_axial,29,50,12060,15f5601e6cb64d461ded353f61131a7395abd361ca4fce9959f42a19b966d614,1.9639413500008231,4.211881200011703,2352.0463493999996,E:\Development\NLP_S3\benchmark\cafebert_full\results\representation_cache\vi-medical_12060_c06dda5b014702137f7d.npy,cafebert_mean_encode,5.664144299997133,2357.7104936999967,2363.8863162500093,1.3540106000000378,ok,,0.5395377588272094,0.654,-0.4201041735936124,1.0,50,10
s3-cafebert-vietnamese-full-v1,4bbba1f8131d9c8ed741219255d2985be219ecc9b9368ad84e025bcac1cd840b,vi-medical,s3_angular,29,50,12060,15f5601e6cb64d461ded353f61131a7395abd361ca4fce9959f42a19b966d614,1.9639413500008231,4.211881200011703,2352.0463493999996,E:\Development\NLP_S3\benchmark\cafebert_full\results\representation_cache\vi-medical_12060_c06dda5b014702137f7d.npy,cafebert_mean_encode,5.665081300001475,2357.711430700001,2363.8872532500136,1.403295199997956,ok,,0.5383122372627258,0.716,-0.41200548140080046,1.0,50,10
s3-cafebert-vietnamese-full-v1,4bbba1f8131d9c8ed741219255d2985be219ecc9b9368ad84e025bcac1cd840b,vi-medical,s3_combined,29,50,12060,15f5601e6cb64d461ded353f61131a7395abd361ca4fce9959f42a19b966d614,1.9639413500008231,4.211881200011703,2352.0463493999996,E:\Development\NLP_S3\benchmark\cafebert_full\results\representation_cache\vi-medical_12060_c06dda5b014702137f7d.npy,cafebert_mean_encode,5.6652099000057206,2357.7115593000053,2363.887381850018,1.3578036999970209,ok,,0.5362064355611801,0.69,-0.4116361614700213,1.0,50,10
s3-cafebert-vietnamese-full-v1,4bbba1f8131d9c8ed741219255d2985be219ecc9b9368ad84e025bcac1cd840b,vi-medical,lda,29,50,12060,15f5601e6cb64d461ded353f61131a7395abd361ca4fce9959f42a19b966d614,1.9639413500008231,0.0,0.3336284999968484,E:\Development\NLP_S3\benchmark\cafebert_full\results\representation_cache\vi-medical_12060_15f5601e6cb6_lexical.npz,countvectorizer_fit_transform,16.885524299999815,17.219152799996664,19.183094149997487,1.7387536000023829,ok,,0.16120389550924302,0.294,0.10379864784717201,0.998,50,10
s3-cafebert-vietnamese-full-v1,4bbba1f8131d9c8ed741219255d2985be219ecc9b9368ad84e025bcac1cd840b,vi-medical,s3_angular,42,10,12060,15f5601e6cb64d461ded353f61131a7395abd361ca4fce9959f42a19b966d614,1.9639413500008231,4.211881200011703,2352.0463493999996,E:\Development\NLP_S3\benchmark\cafebert_full\results\representation_cache\vi-medical_12060_c06dda5b014702137f7d.npy,cafebert_mean_encode,5.246182899994892,2357.2925322999945,2363.468354850007,0.9757336000038777,ok,,0.4935158371925354,0.72,-0.3979533127814183,0.99,10,10
s3-cafebert-vietnamese-full-v1,4bbba1f8131d9c8ed741219255d2985be219ecc9b9368ad84e025bcac1cd840b,vi-medical,s3_combined,42,10,12060,15f5601e6cb64d461ded353f61131a7395abd361ca4fce9959f42a19b966d614,1.9639413500008231,4.211881200011703,2352.0463493999996,E:\Development\NLP_S3\benchmark\cafebert_full\results\representation_cache\vi-medical_12060_c06dda5b014702137f7d.npy,cafebert_mean_encode,5.246151499988628,2357.292500899988,2363.4683234500008,0.9760835999913979,ok,,0.4708421975374222,0.79,-0.39404077168128904,1.0,10,10
s3-cafebert-vietnamese-full-v1,4bbba1f8131d9c8ed741219255d2985be219ecc9b9368ad84e025bcac1cd840b,vi-medical,lda,42,10,12060,15f5601e6cb64d461ded353f61131a7395abd361ca4fce9959f42a19b966d614,1.9639413500008231,0.0,0.3336284999968484,E:\Development\NLP_S3\benchmark\cafebert_full\results\representation_cache\vi-medical_12060_15f5601e6cb6_lexical.npz,countvectorizer_fit_transform,18.652725099993404,18.986353599990252,20.950294949991076,1.2529046999989077,ok,,0.2064279854297638,0.37,0.1291571225131869,1.0,10,10
s3-cafebert-vietnamese-full-v1,4bbba1f8131d9c8ed741219255d2985be219ecc9b9368ad84e025bcac1cd840b,vi-medical,nmf,42,10,12060,15f5601e6cb64d461ded353f61131a7395abd361ca4fce9959f42a19b966d614,1.9639413500008231,0.0,0.3336284999968484,E:\Development\NLP_S3\benchmark\cafebert_full\results\representation_cache\vi-medical_12060_15f5601e6cb6_lexical.npz,countvectorizer_fit_transform,0.5931854999944335,0.9268139999912819,2.890755349992105,1.3878752999880817,ok,,0.17864826172590256,0.45,0.09053816113249796,1.0,10,10
s3-cafebert-vietnamese-full-v1,4bbba1f8131d9c8ed741219255d2985be219ecc9b9368ad84e025bcac1cd840b,vi-medical,bertopic_kmeans,42,10,12060,15f5601e6cb64d461ded353f61131a7395abd361ca4fce9959f42a19b966d614,1.9639413500008231,4.211881200011703,2352.0463493999996,E:\Development\NLP_S3\benchmark\cafebert_full\results\representation_cache\vi-medical_12060_c06dda5b014702137f7d.npy,cafebert_mean_encode,9.595864499991876,2361.6422138999915,2367.818036450004,0.827218599995831,ok,,0.47073012311011553,0.5,-0.3581744574258273,1.0,10,10
s3-cafebert-vietnamese-full-v1,4bbba1f8131d9c8ed741219255d2985be219ecc9b9368ad84e025bcac1cd840b,vi-medical,s3_axial,42,10,12060,15f5601e6cb64d461ded353f61131a7395abd361ca4fce9959f42a19b966d614,1.9639413500008231,4.211881200011703,2352.0463493999996,E:\Development\NLP_S3\benchmark\cafebert_full\results\representation_cache\vi-medical_12060_c06dda5b014702137f7d.npy,cafebert_mean_encode,5.2453576999978395,2357.2917070999974,2363.46752965001,1.1260616999934427,ok,,0.48328515887260437,0.8,-0.4002281825240219,1.0,10,10
s3-cafebert-vietnamese-full-v1,4bbba1f8131d9c8ed741219255d2985be219ecc9b9368ad84e025bcac1cd840b,vi-medical,s3_combined,42,20,12060,15f5601e6cb64d461ded353f61131a7395abd361ca4fce9959f42a19b966d614,1.9639413500008231,4.211881200011703,2352.0463493999996,E:\Development\NLP_S3\benchmark\cafebert_full\results\representation_cache\vi-medical_12060_c06dda5b014702137f7d.npy,cafebert_mean_encode,5.064478900007089,2357.1108283000067,2363.286650850019,1.534977200004505,ok,,0.509970323741436,0.79,-0.40338094139870373,1.0,20,10
s3-cafebert-vietnamese-full-v1,4bbba1f8131d9c8ed741219255d2985be219ecc9b9368ad84e025bcac1cd840b,vi-medical,lda,42,20,12060,15f5601e6cb64d461ded353f61131a7395abd361ca4fce9959f42a19b966d614,1.9639413500008231,0.0,0.3336284999968484,E:\Development\NLP_S3\benchmark\cafebert_full\results\representation_cache\vi-medical_12060_15f5601e6cb6_lexical.npz,countvectorizer_fit_transform,17.680966500003706,18.014595000000554,19.978536350001377,1.7131182000011904,ok,,0.1619287133216858,0.285,0.12004252335958987,1.0,20,10
s3-cafebert-vietnamese-full-v1,4bbba1f8131d9c8ed741219255d2985be219ecc9b9368ad84e025bcac1cd840b,vi-medical,nmf,42,20,12060,15f5601e6cb64d461ded353f61131a7395abd361ca4fce9959f42a19b966d614,1.9639413500008231,0.0,0.3336284999968484,E:\Development\NLP_S3\benchmark\cafebert_full\results\representation_cache\vi-medical_12060_15f5601e6cb6_lexical.npz,countvectorizer_fit_transform,2.8178470999991987,3.151475599996047,5.11541694999687,1.8749408000003314,ok,,0.29328999668359756,0.535,0.09557498158112124,1.0,20,10
s3-cafebert-vietnamese-full-v1,4bbba1f8131d9c8ed741219255d2985be219ecc9b9368ad84e025bcac1cd840b,vi-medical,bertopic_kmeans,42,20,12060,15f5601e6cb64d461ded353f61131a7395abd361ca4fce9959f42a19b966d614,1.9639413500008231,4.211881200011703,2352.0463493999996,E:\Development\NLP_S3\benchmark\cafebert_full\results\representation_cache\vi-medical_12060_c06dda5b014702137f7d.npy,cafebert_mean_encode,10.061404200008838,2362.1077536000084,2368.283576150021,0.592172999997274,ok,,0.42208249820396304,0.49,-0.34750014657578754,1.0,20,10
s3-cafebert-vietnamese-full-v1,4bbba1f8131d9c8ed741219255d2985be219ecc9b9368ad84e025bcac1cd840b,vi-medical,s3_axial,42,20,12060,15f5601e6cb64d461ded353f61131a7395abd361ca4fce9959f42a19b966d614,1.9639413500008231,4.211881200011703,2352.0463493999996,E:\Development\NLP_S3\benchmark\cafebert_full\results\representation_cache\vi-medical_12060_c06dda5b014702137f7d.npy,cafebert_mean_encode,5.063588000004529,2357.109937400004,2363.2857599500167,0.9715728000010131,ok,,0.5178207322955132,0.785,-0.4036275828085734,1.0,20,10
s3-cafebert-vietnamese-full-v1,4bbba1f8131d9c8ed741219255d2985be219ecc9b9368ad84e025bcac1cd840b,vi-medical,s3_angular,42,20,12060,15f5601e6cb64d461ded353f61131a7395abd361ca4fce9959f42a19b966d614,1.9639413500008231,4.211881200011703,2352.0463493999996,E:\Development\NLP_S3\benchmark\cafebert_full\results\representation_cache\vi-medical_12060_c06dda5b014702137f7d.npy,cafebert_mean_encode,5.064501100001507,2357.110850500001,2363.2866730500136,1.2030597999983002,ok,,0.5127386897802353,0.81,-0.40893660750719263,1.0,20,10
s3-cafebert-vietnamese-full-v1,4bbba1f8131d9c8ed741219255d2985be219ecc9b9368ad84e025bcac1cd840b,vi-medical,lda,42,30,12060,15f5601e6cb64d461ded353f61131a7395abd361ca4fce9959f42a19b966d614,1.9639413500008231,0.0,0.3336284999968484,E:\Development\NLP_S3\benchmark\cafebert_full\results\representation_cache\vi-medical_12060_15f5601e6cb6_lexical.npz,countvectorizer_fit_transform,17.436887599993497,17.770516099990346,19.73445744999117,1.540947600005893,ok,,0.1650640758375327,0.26666666666666666,0.08225683545002054,0.9933333333333333,30,10
s3-cafebert-vietnamese-full-v1,4bbba1f8131d9c8ed741219255d2985be219ecc9b9368ad84e025bcac1cd840b,vi-medical,nmf,42,30,12060,15f5601e6cb64d461ded353f61131a7395abd361ca4fce9959f42a19b966d614,1.9639413500008231,0.0,0.3336284999968484,E:\Development\NLP_S3\benchmark\cafebert_full\results\representation_cache\vi-medical_12060_15f5601e6cb6_lexical.npz,countvectorizer_fit_transform,3.202822899998864,3.5364513999957126,5.500392749996536,1.6302105000067968,ok,,0.32999291345477105,0.49,0.1019259275632895,1.0,30,10
s3-cafebert-vietnamese-full-v1,4bbba1f8131d9c8ed741219255d2985be219ecc9b9368ad84e025bcac1cd840b,vi-medical,bertopic_kmeans,42,30,12060,15f5601e6cb64d461ded353f61131a7395abd361ca4fce9959f42a19b966d614,1.9639413500008231,4.211881200011703,2352.0463493999996,E:\Development\NLP_S3\benchmark\cafebert_full\results\representation_cache\vi-medical_12060_c06dda5b014702137f7d.npy,cafebert_mean_encode,9.331023600010667,2361.3773730000103,2367.553195550023,0.7580660000094213,ok,,0.41512859395394724,0.4766666666666667,-0.29910939679229037,1.0,30,10
s3-cafebert-vietnamese-full-v1,4bbba1f8131d9c8ed741219255d2985be219ecc9b9368ad84e025bcac1cd840b,vi-medical,s3_axial,42,30,12060,15f5601e6cb64d461ded353f61131a7395abd361ca4fce9959f42a19b966d614,1.9639413500008231,4.211881200011703,2352.0463493999996,E:\Development\NLP_S3\benchmark\cafebert_full\results\representation_cache\vi-medical_12060_c06dda5b014702137f7d.npy,cafebert_mean_encode,9.072404199992889,2361.1187535999925,2367.294576150005,1.1262833999935538,ok,,0.5399324814478557,0.79,-0.42036673508727,1.0,30,10
s3-cafebert-vietnamese-full-v1,4bbba1f8131d9c8ed741219255d2985be219ecc9b9368ad84e025bcac1cd840b,vi-medical,s3_angular,42,30,12060,15f5601e6cb64d461ded353f61131a7395abd361ca4fce9959f42a19b966d614,1.9639413500008231,4.211881200011703,2352.0463493999996,E:\Development\NLP_S3\benchmark\cafebert_full\results\representation_cache\vi-medical_12060_c06dda5b014702137f7d.npy,cafebert_mean_encode,9.073471899988363,2361.119821299988,2367.2956438500005,1.2260327999974834,ok,,0.5526917239030202,0.8333333333333334,-0.4263933385009307,0.9933333333333333,30,10
s3-cafebert-vietnamese-full-v1,4bbba1f8131d9c8ed741219255d2985be219ecc9b9368ad84e025bcac1cd840b,vi-medical,s3_combined,42,30,12060,15f5601e6cb64d461ded353f61131a7395abd361ca4fce9959f42a19b966d614,1.9639413500008231,4.211881200011703,2352.0463493999996,E:\Development\NLP_S3\benchmark\cafebert_full\results\representation_cache\vi-medical_12060_c06dda5b014702137f7d.npy,cafebert_mean_encode,9.073291599997901,2361.1196409999975,2367.29546355001,1.0894832000049064,ok,,0.5471669852733612,0.8,-0.4220463043075751,1.0,30,10
s3-cafebert-vietnamese-full-v1,4bbba1f8131d9c8ed741219255d2985be219ecc9b9368ad84e025bcac1cd840b,vi-medical,nmf,42,40,12060,15f5601e6cb64d461ded353f61131a7395abd361ca4fce9959f42a19b966d614,1.9639413500008231,0.0,0.3336284999968484,E:\Development\NLP_S3\benchmark\cafebert_full\results\representation_cache\vi-medical_12060_15f5601e6cb6_lexical.npz,countvectorizer_fit_transform,3.691281399995205,4.024909899992053,5.9888512499928765,1.8784808999917004,ok,,0.3698383202776313,0.53,0.09039181674776903,1.0,40,10
s3-cafebert-vietnamese-full-v1,4bbba1f8131d9c8ed741219255d2985be219ecc9b9368ad84e025bcac1cd840b,vi-medical,bertopic_kmeans,42,40,12060,15f5601e6cb64d461ded353f61131a7395abd361ca4fce9959f42a19b966d614,1.9639413500008231,4.211881200011703,2352.0463493999996,E:\Development\NLP_S3\benchmark\cafebert_full\results\representation_cache\vi-medical_12060_c06dda5b014702137f7d.npy,cafebert_mean_encode,9.119923999998719,2361.1662733999983,2367.342095950011,0.6901095999928657,ok,,0.41820492694775263,0.465,-0.15816797718649056,1.0,40,10
s3-cafebert-vietnamese-full-v1,4bbba1f8131d9c8ed741219255d2985be219ecc9b9368ad84e025bcac1cd840b,vi-medical,s3_axial,42,40,12060,15f5601e6cb64d461ded353f61131a7395abd361ca4fce9959f42a19b966d614,1.9639413500008231,4.211881200011703,2352.0463493999996,E:\Development\NLP_S3\benchmark\cafebert_full\results\representation_cache\vi-medical_12060_c06dda5b014702137f7d.npy,cafebert_mean_encode,5.498359900011565,2357.544709300011,2363.7205318500237,1.4103043000068283,ok,,0.5339982703328132,0.7175,-0.4048807888857199,1.0,40,10
s3-cafebert-vietnamese-full-v1,4bbba1f8131d9c8ed741219255d2985be219ecc9b9368ad84e025bcac1cd840b,vi-medical,s3_angular,42,40,12060,15f5601e6cb64d461ded353f61131a7395abd361ca4fce9959f42a19b966d614,1.9639413500008231,4.211881200011703,2352.0463493999996,E:\Development\NLP_S3\benchmark\cafebert_full\results\representation_cache\vi-medical_12060_c06dda5b014702137f7d.npy,cafebert_mean_encode,5.499404400005005,2357.5457538000046,2363.721576350017,1.3572797999950126,ok,,0.5308072209358216,0.755,-0.401995710792942,1.0,40,10
s3-cafebert-vietnamese-full-v1,4bbba1f8131d9c8ed741219255d2985be219ecc9b9368ad84e025bcac1cd840b,vi-medical,s3_combined,42,40,12060,15f5601e6cb64d461ded353f61131a7395abd361ca4fce9959f42a19b966d614,1.9639413500008231,4.211881200011703,2352.0463493999996,E:\Development\NLP_S3\benchmark\cafebert_full\results\representation_cache\vi-medical_12060_c06dda5b014702137f7d.npy,cafebert_mean_encode,5.4993726999964565,2357.545722099996,2363.7215446500086,1.3278874999959953,ok,,0.531467143446207,0.7375,-0.3975109083897427,1.0,40,10
s3-cafebert-vietnamese-full-v1,4bbba1f8131d9c8ed741219255d2985be219ecc9b9368ad84e025bcac1cd840b,vi-medical,lda,42,40,12060,15f5601e6cb64d461ded353f61131a7395abd361ca4fce9959f42a19b966d614,1.9639413500008231,0.0,0.3336284999968484,E:\Development\NLP_S3\benchmark\cafebert_full\results\representation_cache\vi-medical_12060_15f5601e6cb6_lexical.npz,countvectorizer_fit_transform,17.32781960000284,17.66144809999969,19.62538945000051,1.6366345999995247,ok,,0.1606999220326543,0.305,0.10390652664680658,0.9975,40,10
s3-cafebert-vietnamese-full-v1,4bbba1f8131d9c8ed741219255d2985be219ecc9b9368ad84e025bcac1cd840b,vi-medical,bertopic_kmeans,42,50,12060,15f5601e6cb64d461ded353f61131a7395abd361ca4fce9959f42a19b966d614,1.9639413500008231,4.211881200011703,2352.0463493999996,E:\Development\NLP_S3\benchmark\cafebert_full\results\representation_cache\vi-medical_12060_c06dda5b014702137f7d.npy,cafebert_mean_encode,10.132295000003069,2362.1786444000027,2368.354466950015,0.800524200007203,ok,,0.4328353151679039,0.426,-0.15513235416872145,1.0,50,10
s3-cafebert-vietnamese-full-v1,4bbba1f8131d9c8ed741219255d2985be219ecc9b9368ad84e025bcac1cd840b,vi-medical,s3_axial,42,50,12060,15f5601e6cb64d461ded353f61131a7395abd361ca4fce9959f42a19b966d614,1.9639413500008231,4.211881200011703,2352.0463493999996,E:\Development\NLP_S3\benchmark\cafebert_full\results\representation_cache\vi-medical_12060_c06dda5b014702137f7d.npy,cafebert_mean_encode,9.824804599993513,2361.871153999993,2368.0469765500056,1.4860203999996884,ok,,0.5407739478349686,0.65,-0.4343439843493595,0.998,50,10
s3-cafebert-vietnamese-full-v1,4bbba1f8131d9c8ed741219255d2985be219ecc9b9368ad84e025bcac1cd840b,vi-medical,s3_angular,42,50,12060,15f5601e6cb64d461ded353f61131a7395abd361ca4fce9959f42a19b966d614,1.9639413500008231,4.211881200011703,2352.0463493999996,E:\Development\NLP_S3\benchmark\cafebert_full\results\representation_cache\vi-medical_12060_c06dda5b014702137f7d.npy,cafebert_mean_encode,9.823925299977418,2361.870274699977,2368.0460972499895,1.4504309000039939,ok,,0.5405824494361877,0.73,-0.4211294580371929,0.998,50,10
s3-cafebert-vietnamese-full-v1,4bbba1f8131d9c8ed741219255d2985be219ecc9b9368ad84e025bcac1cd840b,vi-medical,s3_combined,42,50,12060,15f5601e6cb64d461ded353f61131a7395abd361ca4fce9959f42a19b966d614,1.9639413500008231,4.211881200011703,2352.0463493999996,E:\Development\NLP_S3\benchmark\cafebert_full\results\representation_cache\vi-medical_12060_c06dda5b014702137f7d.npy,cafebert_mean_encode,9.82447529998899,2361.8708246999886,2368.046647250001,1.3242845000058878,ok,,0.5396755599975586,0.68,-0.42744133007952423,0.998,50,10
s3-cafebert-vietnamese-full-v1,4bbba1f8131d9c8ed741219255d2985be219ecc9b9368ad84e025bcac1cd840b,vi-medical,lda,42,50,12060,15f5601e6cb64d461ded353f61131a7395abd361ca4fce9959f42a19b966d614,1.9639413500008231,0.0,0.3336284999968484,E:\Development\NLP_S3\benchmark\cafebert_full\results\representation_cache\vi-medical_12060_15f5601e6cb6_lexical.npz,countvectorizer_fit_transform,17.694086799994693,18.02771529999154,19.991656649992365,1.7446573000052013,ok,,0.16230259224772453,0.286,0.11237290560820831,0.998,50,10
s3-cafebert-vietnamese-full-v1,4bbba1f8131d9c8ed741219255d2985be219ecc9b9368ad84e025bcac1cd840b,vi-medical,nmf,42,50,12060,15f5601e6cb64d461ded353f61131a7395abd361ca4fce9959f42a19b966d614,1.9639413500008231,0.0,0.3336284999968484,E:\Development\NLP_S3\benchmark\cafebert_full\results\representation_cache\vi-medical_12060_15f5601e6cb6_lexical.npz,countvectorizer_fit_transform,8.503947900011553,8.837576400008402,10.801517750009225,1.9614747000014177,ok,,0.40197295129299165,0.532,0.08177363898432523,1.0,50,10
s3-cafebert-vietnamese-full-v1,4bbba1f8131d9c8ed741219255d2985be219ecc9b9368ad84e025bcac1cd840b,vi-medical,s3_axial,47,10,12060,15f5601e6cb64d461ded353f61131a7395abd361ca4fce9959f42a19b966d614,1.9639413500008231,4.211881200011703,2352.0463493999996,E:\Development\NLP_S3\benchmark\cafebert_full\results\representation_cache\vi-medical_12060_c06dda5b014702137f7d.npy,cafebert_mean_encode,6.492972500011092,2358.5393219000107,2364.715144450023,0.7671465000021271,ok,,0.5329655528068542,0.8,-0.3798826450237101,1.0,10,10
s3-cafebert-vietnamese-full-v1,4bbba1f8131d9c8ed741219255d2985be219ecc9b9368ad84e025bcac1cd840b,vi-medical,s3_angular,47,10,12060,15f5601e6cb64d461ded353f61131a7395abd361ca4fce9959f42a19b966d614,1.9639413500008231,4.211881200011703,2352.0463493999996,E:\Development\NLP_S3\benchmark\cafebert_full\results\representation_cache\vi-medical_12060_c06dda5b014702137f7d.npy,cafebert_mean_encode,6.493639799999073,2358.5399891999987,2364.715811750011,0.7389930999925127,ok,,0.5305623084306716,0.78,-0.39916329445259185,1.0,10,10
s3-cafebert-vietnamese-full-v1,4bbba1f8131d9c8ed741219255d2985be219ecc9b9368ad84e025bcac1cd840b,vi-medical,s3_combined,47,10,12060,15f5601e6cb64d461ded353f61131a7395abd361ca4fce9959f42a19b966d614,1.9639413500008231,4.211881200011703,2352.0463493999996,E:\Development\NLP_S3\benchmark\cafebert_full\results\representation_cache\vi-medical_12060_c06dda5b014702137f7d.npy,cafebert_mean_encode,6.493631900011678,2358.5399813000113,2364.715803850024,0.823325899997144,ok,,0.5367141634225845,0.81,-0.3899625819892962,1.0,10,10
s3-cafebert-vietnamese-full-v1,4bbba1f8131d9c8ed741219255d2985be219ecc9b9368ad84e025bcac1cd840b,vi-medical,lda,47,10,12060,15f5601e6cb64d461ded353f61131a7395abd361ca4fce9959f42a19b966d614,1.9639413500008231,0.0,0.3336284999968484,E:\Development\NLP_S3\benchmark\cafebert_full\results\representation_cache\vi-medical_12060_15f5601e6cb6_lexical.npz,countvectorizer_fit_transform,18.234292900000582,18.56792139999743,20.531862749998254,1.229593299998669,ok,,0.14726667627692222,0.26,0.10003634315539464,1.0,10,10
s3-cafebert-vietnamese-full-v1,4bbba1f8131d9c8ed741219255d2985be219ecc9b9368ad84e025bcac1cd840b,vi-medical,nmf,47,10,12060,15f5601e6cb64d461ded353f61131a7395abd361ca4fce9959f42a19b966d614,1.9639413500008231,0.0,0.3336284999968484,E:\Development\NLP_S3\benchmark\cafebert_full\results\representation_cache\vi-medical_12060_15f5601e6cb6_lexical.npz,countvectorizer_fit_transform,0.975188899989007,1.3088173999858554,3.2727587499866786,1.3441240999964066,ok,,0.17864826172590256,0.45,0.09053816113249796,1.0,10,10
s3-cafebert-vietnamese-full-v1,4bbba1f8131d9c8ed741219255d2985be219ecc9b9368ad84e025bcac1cd840b,vi-medical,bertopic_kmeans,47,10,12060,15f5601e6cb64d461ded353f61131a7395abd361ca4fce9959f42a19b966d614,1.9639413500008231,4.211881200011703,2352.0463493999996,E:\Development\NLP_S3\benchmark\cafebert_full\results\representation_cache\vi-medical_12060_c06dda5b014702137f7d.npy,cafebert_mean_encode,10.575417800006107,2362.6217672000057,2368.7975897500182,0.6822071000060532,ok,,0.4177783103659749,0.49,-0.3262983253172979,1.0,10,10
s3-cafebert-vietnamese-full-v1,4bbba1f8131d9c8ed741219255d2985be219ecc9b9368ad84e025bcac1cd840b,vi-medical,s3_angular,47,20,12060,15f5601e6cb64d461ded353f61131a7395abd361ca4fce9959f42a19b966d614,1.9639413500008231,4.211881200011703,2352.0463493999996,E:\Development\NLP_S3\benchmark\cafebert_full\results\representation_cache\vi-medical_12060_c06dda5b014702137f7d.npy,cafebert_mean_encode,9.27552260000084,2361.3218720000004,2367.497694550013,1.191275899996981,ok,,0.5151346042752266,0.835,-0.39932092669503494,1.0,20,10
s3-cafebert-vietnamese-full-v1,4bbba1f8131d9c8ed741219255d2985be219ecc9b9368ad84e025bcac1cd840b,vi-medical,s3_combined,47,20,12060,15f5601e6cb64d461ded353f61131a7395abd361ca4fce9959f42a19b966d614,1.9639413500008231,4.211881200011703,2352.0463493999996,E:\Development\NLP_S3\benchmark\cafebert_full\results\representation_cache\vi-medical_12060_c06dda5b014702137f7d.npy,cafebert_mean_encode,9.27451669999573,2361.3208660999953,2367.496688650008,1.2587537999934284,ok,,0.50777537971735,0.83,-0.38477477264573173,1.0,20,10
s3-cafebert-vietnamese-full-v1,4bbba1f8131d9c8ed741219255d2985be219ecc9b9368ad84e025bcac1cd840b,vi-medical,lda,47,20,12060,15f5601e6cb64d461ded353f61131a7395abd361ca4fce9959f42a19b966d614,1.9639413500008231,0.0,0.3336284999968484,E:\Development\NLP_S3\benchmark\cafebert_full\results\representation_cache\vi-medical_12060_15f5601e6cb6_lexical.npz,countvectorizer_fit_transform,18.32989280000038,18.663521299997228,20.62746264999805,1.4006118999968749,ok,,0.16462501138448715,0.29,0.1123439714413633,1.0,20,10
s3-cafebert-vietnamese-full-v1,4bbba1f8131d9c8ed741219255d2985be219ecc9b9368ad84e025bcac1cd840b,vi-medical,nmf,47,20,12060,15f5601e6cb64d461ded353f61131a7395abd361ca4fce9959f42a19b966d614,1.9639413500008231,0.0,0.3336284999968484,E:\Development\NLP_S3\benchmark\cafebert_full\results\representation_cache\vi-medical_12060_15f5601e6cb6_lexical.npz,countvectorizer_fit_transform,2.2792501999938395,2.612878699990688,4.576820049991511,1.5139370000106283,ok,,0.29328999668359756,0.535,0.09557498158112124,1.0,20,10
s3-cafebert-vietnamese-full-v1,4bbba1f8131d9c8ed741219255d2985be219ecc9b9368ad84e025bcac1cd840b,vi-medical,bertopic_kmeans,47,20,12060,15f5601e6cb64d461ded353f61131a7395abd361ca4fce9959f42a19b966d614,1.9639413500008231,4.211881200011703,2352.0463493999996,E:\Development\NLP_S3\benchmark\cafebert_full\results\representation_cache\vi-medical_12060_c06dda5b014702137f7d.npy,cafebert_mean_encode,9.656497799995122,2361.7028471999947,2367.8786697500072,0.5947795999964001,ok,,0.467982935554841,0.455,-0.39225036770742994,1.0,20,10
s3-cafebert-vietnamese-full-v1,4bbba1f8131d9c8ed741219255d2985be219ecc9b9368ad84e025bcac1cd840b,vi-medical,s3_axial,47,20,12060,15f5601e6cb64d461ded353f61131a7395abd361ca4fce9959f42a19b966d614,1.9639413500008231,4.211881200011703,2352.0463493999996,E:\Development\NLP_S3\benchmark\cafebert_full\results\representation_cache\vi-medical_12060_c06dda5b014702137f7d.npy,cafebert_mean_encode,9.273622499997145,2361.3199718999967,2367.4957944500093,1.024294099988765,ok,,0.5038659229874611,0.825,-0.38879084843457457,1.0,20,10
s3-cafebert-vietnamese-full-v1,4bbba1f8131d9c8ed741219255d2985be219ecc9b9368ad84e025bcac1cd840b,vi-medical,s3_combined,47,30,12060,15f5601e6cb64d461ded353f61131a7395abd361ca4fce9959f42a19b966d614,1.9639413500008231,4.211881200011703,2352.0463493999996,E:\Development\NLP_S3\benchmark\cafebert_full\results\representation_cache\vi-medical_12060_c06dda5b014702137f7d.npy,cafebert_mean_encode,6.400505000012345,2358.446854400012,2364.6226769500245,1.2213171000039438,ok,,0.5146461506684621,0.7566666666666667,-0.3972951902180764,1.0,30,10
s3-cafebert-vietnamese-full-v1,4bbba1f8131d9c8ed741219255d2985be219ecc9b9368ad84e025bcac1cd840b,vi-medical,lda,47,30,12060,15f5601e6cb64d461ded353f61131a7395abd361ca4fce9959f42a19b966d614,1.9639413500008231,0.0,0.3336284999968484,E:\Development\NLP_S3\benchmark\cafebert_full\results\representation_cache\vi-medical_12060_15f5601e6cb6_lexical.npz,countvectorizer_fit_transform,17.103639199995087,17.437267699991935,19.401209049992758,1.5726467999920715,ok,,0.15247279927134513,0.27,0.11098610337179214,1.0,30,10
s3-cafebert-vietnamese-full-v1,4bbba1f8131d9c8ed741219255d2985be219ecc9b9368ad84e025bcac1cd840b,vi-medical,nmf,47,30,12060,15f5601e6cb64d461ded353f61131a7395abd361ca4fce9959f42a19b966d614,1.9639413500008231,0.0,0.3336284999968484,E:\Development\NLP_S3\benchmark\cafebert_full\results\representation_cache\vi-medical_12060_15f5601e6cb6_lexical.npz,countvectorizer_fit_transform,3.9795907999941846,4.313219299991033,6.277160649991856,1.5744927999912761,ok,,0.3432750138143698,0.5066666666666667,0.09291792380753018,1.0,30,10
s3-cafebert-vietnamese-full-v1,4bbba1f8131d9c8ed741219255d2985be219ecc9b9368ad84e025bcac1cd840b,vi-medical,bertopic_kmeans,47,30,12060,15f5601e6cb64d461ded353f61131a7395abd361ca4fce9959f42a19b966d614,1.9639413500008231,4.211881200011703,2352.0463493999996,E:\Development\NLP_S3\benchmark\cafebert_full\results\representation_cache\vi-medical_12060_c06dda5b014702137f7d.npy,cafebert_mean_encode,10.088319200003752,2362.1346686000034,2368.310491150016,0.7007061000040267,ok,,0.471685622818768,0.5,-0.3132645254231921,1.0,30,10
s3-cafebert-vietnamese-full-v1,4bbba1f8131d9c8ed741219255d2985be219ecc9b9368ad84e025bcac1cd840b,vi-medical,s3_axial,47,30,12060,15f5601e6cb64d461ded353f61131a7395abd361ca4fce9959f42a19b966d614,1.9639413500008231,4.211881200011703,2352.0463493999996,E:\Development\NLP_S3\benchmark\cafebert_full\results\representation_cache\vi-medical_12060_c06dda5b014702137f7d.npy,cafebert_mean_encode,6.399746100010816,2358.4460955000104,2364.621918050023,1.297586599990609,ok,,0.5131674647331238,0.7433333333333333,-0.3999761875512318,1.0,30,10
s3-cafebert-vietnamese-full-v1,4bbba1f8131d9c8ed741219255d2985be219ecc9b9368ad84e025bcac1cd840b,vi-medical,s3_angular,47,30,12060,15f5601e6cb64d461ded353f61131a7395abd361ca4fce9959f42a19b966d614,1.9639413500008231,4.211881200011703,2352.0463493999996,E:\Development\NLP_S3\benchmark\cafebert_full\results\representation_cache\vi-medical_12060_c06dda5b014702137f7d.npy,cafebert_mean_encode,6.400328100018669,2358.4466775000183,2364.622500050031,1.2890441000054125,ok,,0.5036887536446254,0.7866666666666666,-0.3933552066676544,1.0,30,10
s3-cafebert-vietnamese-full-v1,4bbba1f8131d9c8ed741219255d2985be219ecc9b9368ad84e025bcac1cd840b,vi-medical,lda,47,40,12060,15f5601e6cb64d461ded353f61131a7395abd361ca4fce9959f42a19b966d614,1.9639413500008231,0.0,0.3336284999968484,E:\Development\NLP_S3\benchmark\cafebert_full\results\representation_cache\vi-medical_12060_15f5601e6cb6_lexical.npz,countvectorizer_fit_transform,17.152550399987376,17.486178899984225,19.450120249985048,1.490975900000194,ok,,0.16040656082332133,0.2775,0.10087880339283654,0.9975,40,10
s3-cafebert-vietnamese-full-v1,4bbba1f8131d9c8ed741219255d2985be219ecc9b9368ad84e025bcac1cd840b,vi-medical,nmf,47,40,12060,15f5601e6cb64d461ded353f61131a7395abd361ca4fce9959f42a19b966d614,1.9639413500008231,0.0,0.3336284999968484,E:\Development\NLP_S3\benchmark\cafebert_full\results\representation_cache\vi-medical_12060_15f5601e6cb6_lexical.npz,countvectorizer_fit_transform,6.035345899988897,6.3689743999857455,8.332915749986569,1.8092533999879379,ok,,0.36379683706909416,0.52,0.08596482374886343,1.0,40,10
s3-cafebert-vietnamese-full-v1,4bbba1f8131d9c8ed741219255d2985be219ecc9b9368ad84e025bcac1cd840b,vi-medical,bertopic_kmeans,47,40,12060,15f5601e6cb64d461ded353f61131a7395abd361ca4fce9959f42a19b966d614,1.9639413500008231,4.211881200011703,2352.0463493999996,E:\Development\NLP_S3\benchmark\cafebert_full\results\representation_cache\vi-medical_12060_c06dda5b014702137f7d.npy,cafebert_mean_encode,10.567303200004972,2362.6136526000046,2368.789475150017,0.7792519000067841,ok,,0.40283662602305415,0.4775,-0.2019922570374422,1.0,40,10
s3-cafebert-vietnamese-full-v1,4bbba1f8131d9c8ed741219255d2985be219ecc9b9368ad84e025bcac1cd840b,vi-medical,s3_axial,47,40,12060,15f5601e6cb64d461ded353f61131a7395abd361ca4fce9959f42a19b966d614,1.9639413500008231,4.211881200011703,2352.0463493999996,E:\Development\NLP_S3\benchmark\cafebert_full\results\representation_cache\vi-medical_12060_c06dda5b014702137f7d.npy,cafebert_mean_encode,7.255009300017264,2359.301358700017,2365.4771812500294,1.334472700007609,ok,,0.5381959706544877,0.7125,-0.4182756355768781,1.0,40,10
s3-cafebert-vietnamese-full-v1,4bbba1f8131d9c8ed741219255d2985be219ecc9b9368ad84e025bcac1cd840b,vi-medical,s3_angular,47,40,12060,15f5601e6cb64d461ded353f61131a7395abd361ca4fce9959f42a19b966d614,1.9639413500008231,4.211881200011703,2352.0463493999996,E:\Development\NLP_S3\benchmark\cafebert_full\results\representation_cache\vi-medical_12060_c06dda5b014702137f7d.npy,cafebert_mean_encode,7.256831600010628,2359.30318100001,2365.4790035500228,1.3568215999985114,ok,,0.5477384544909001,0.7575,-0.40793049149100824,1.0,40,10
s3-cafebert-vietnamese-full-v1,4bbba1f8131d9c8ed741219255d2985be219ecc9b9368ad84e025bcac1cd840b,vi-medical,s3_combined,47,40,12060,15f5601e6cb64d461ded353f61131a7395abd361ca4fce9959f42a19b966d614,1.9639413500008231,4.211881200011703,2352.0463493999996,E:\Development\NLP_S3\benchmark\cafebert_full\results\representation_cache\vi-medical_12060_c06dda5b014702137f7d.npy,cafebert_mean_encode,7.256172900015372,2359.302522300015,2365.4783448500275,1.2921908999996958,ok,,0.5387182638049126,0.7275,-0.41116526996725683,1.0,40,10
s3-cafebert-vietnamese-full-v1,4bbba1f8131d9c8ed741219255d2985be219ecc9b9368ad84e025bcac1cd840b,vi-medical,nmf,47,50,12060,15f5601e6cb64d461ded353f61131a7395abd361ca4fce9959f42a19b966d614,1.9639413500008231,0.0,0.3336284999968484,E:\Development\NLP_S3\benchmark\cafebert_full\results\representation_cache\vi-medical_12060_15f5601e6cb6_lexical.npz,countvectorizer_fit_transform,6.486168600007659,6.819797100004507,8.78373845000533,2.1196682000008877,ok,,0.3971905025839806,0.526,0.0895135059536977,1.0,50,10
s3-cafebert-vietnamese-full-v1,4bbba1f8131d9c8ed741219255d2985be219ecc9b9368ad84e025bcac1cd840b,vi-medical,bertopic_kmeans,47,50,12060,15f5601e6cb64d461ded353f61131a7395abd361ca4fce9959f42a19b966d614,1.9639413500008231,4.211881200011703,2352.0463493999996,E:\Development\NLP_S3\benchmark\cafebert_full\results\representation_cache\vi-medical_12060_c06dda5b014702137f7d.npy,cafebert_mean_encode,9.896647500005201,2361.942996900005,2368.1188194500173,0.7898692000017036,ok,,0.43640804902101177,0.422,-0.14573565671874325,1.0,50,10
s3-cafebert-vietnamese-full-v1,4bbba1f8131d9c8ed741219255d2985be219ecc9b9368ad84e025bcac1cd840b,vi-medical,s3_axial,47,50,12060,15f5601e6cb64d461ded353f61131a7395abd361ca4fce9959f42a19b966d614,1.9639413500008231,4.211881200011703,2352.0463493999996,E:\Development\NLP_S3\benchmark\cafebert_full\results\representation_cache\vi-medical_12060_c06dda5b014702137f7d.npy,cafebert_mean_encode,8.764577499983716,2360.8109268999833,2366.986749449996,1.39144700000179,ok,,0.5336981570720672,0.666,-0.4340780169338238,0.998,50,10
s3-cafebert-vietnamese-full-v1,4bbba1f8131d9c8ed741219255d2985be219ecc9b9368ad84e025bcac1cd840b,vi-medical,s3_angular,47,50,12060,15f5601e6cb64d461ded353f61131a7395abd361ca4fce9959f42a19b966d614,1.9639413500008231,4.211881200011703,2352.0463493999996,E:\Development\NLP_S3\benchmark\cafebert_full\results\representation_cache\vi-medical_12060_c06dda5b014702137f7d.npy,cafebert_mean_encode,8.765598199999658,2360.8119475999993,2366.987770150012,1.5083096000016667,ok,,0.540010843873024,0.73,-0.4226079590097309,0.998,50,10
s3-cafebert-vietnamese-full-v1,4bbba1f8131d9c8ed741219255d2985be219ecc9b9368ad84e025bcac1cd840b,vi-medical,s3_combined,47,50,12060,15f5601e6cb64d461ded353f61131a7395abd361ca4fce9959f42a19b966d614,1.9639413500008231,4.211881200011703,2352.0463493999996,E:\Development\NLP_S3\benchmark\cafebert_full\results\representation_cache\vi-medical_12060_c06dda5b014702137f7d.npy,cafebert_mean_encode,8.766105699993204,2360.812455099993,2366.9882776500053,1.4882967000012286,ok,,0.5356187468767166,0.678,-0.4309163022622286,0.998,50,10
s3-cafebert-vietnamese-full-v1,4bbba1f8131d9c8ed741219255d2985be219ecc9b9368ad84e025bcac1cd840b,vi-medical,lda,47,50,12060,15f5601e6cb64d461ded353f61131a7395abd361ca4fce9959f42a19b966d614,1.9639413500008231,0.0,0.3336284999968484,E:\Development\NLP_S3\benchmark\cafebert_full\results\representation_cache\vi-medical_12060_15f5601e6cb6_lexical.npz,countvectorizer_fit_transform,18.444510000001173,18.778138499998022,20.742079849998845,1.7391262000019196,ok,,0.1582782880961895,0.266,0.11277432507897978,1.0,50,10
s3-cafebert-vietnamese-full-v1,4bbba1f8131d9c8ed741219255d2985be219ecc9b9368ad84e025bcac1cd840b,vntc-it,s3_axial,11,10,3571,5afd099ef11ba4e02ae098427f8f68a242b00bad2e8ad0726aa09f174164f53b,1.9639413500008231,4.211881200011703,5631.804003700003,E:\Development\NLP_S3\benchmark\cafebert_full\results\representation_cache\vntc-it_3571_87b6d555f6c4c55cced8.npy,cafebert_mean_encode,99.06232880000607,5730.866332500009,5737.042155050021,3.116779999996652,ok,,0.30073518082499506,0.86,-0.33610143777901497,0.81,10,10
s3-cafebert-vietnamese-full-v1,4bbba1f8131d9c8ed741219255d2985be219ecc9b9368ad84e025bcac1cd840b,vntc-it,s3_angular,11,10,3571,5afd099ef11ba4e02ae098427f8f68a242b00bad2e8ad0726aa09f174164f53b,1.9639413500008231,4.211881200011703,5631.804003700003,E:\Development\NLP_S3\benchmark\cafebert_full\results\representation_cache\vntc-it_3571_87b6d555f6c4c55cced8.npy,cafebert_mean_encode,99.06313189999491,5730.867135599998,5737.04295815001,3.0155066000006627,ok,,0.3253931261599064,0.82,-0.33320706768810315,0.82,10,10
s3-cafebert-vietnamese-full-v1,4bbba1f8131d9c8ed741219255d2985be219ecc9b9368ad84e025bcac1cd840b,vntc-it,s3_combined,11,10,3571,5afd099ef11ba4e02ae098427f8f68a242b00bad2e8ad0726aa09f174164f53b,1.9639413500008231,4.211881200011703,5631.804003700003,E:\Development\NLP_S3\benchmark\cafebert_full\results\representation_cache\vntc-it_3571_87b6d555f6c4c55cced8.npy,cafebert_mean_encode,99.06319420000364,5730.867197900006,5737.043020450019,3.072720500000287,ok,,0.30991595685482026,0.85,-0.3343761587931482,0.8,10,10
s3-cafebert-vietnamese-full-v1,4bbba1f8131d9c8ed741219255d2985be219ecc9b9368ad84e025bcac1cd840b,vntc-it,lda,11,10,3571,5afd099ef11ba4e02ae098427f8f68a242b00bad2e8ad0726aa09f174164f53b,1.9639413500008231,0.0,0.5576125000079628,E:\Development\NLP_S3\benchmark\cafebert_full\results\representation_cache\vntc-it_3571_5afd099ef11b_lexical.npz,countvectorizer_fit_transform,15.78107959999761,16.338692100005574,18.302633450006397,7.509063299992704,ok,,0.13258829712867737,0.46,-0.0009019632711602903,1.0,10,10
s3-cafebert-vietnamese-full-v1,4bbba1f8131d9c8ed741219255d2985be219ecc9b9368ad84e025bcac1cd840b,vntc-it,nmf,11,10,3571,5afd099ef11ba4e02ae098427f8f68a242b00bad2e8ad0726aa09f174164f53b,1.9639413500008231,0.0,0.5576125000079628,E:\Development\NLP_S3\benchmark\cafebert_full\results\representation_cache\vntc-it_3571_5afd099ef11b_lexical.npz,countvectorizer_fit_transform,1.045830399991246,1.6034428999992087,3.567384250000032,7.85016529999848,ok,,0.12500048391520976,0.59,0.024575311302590254,1.0,10,10
s3-cafebert-vietnamese-full-v1,4bbba1f8131d9c8ed741219255d2985be219ecc9b9368ad84e025bcac1cd840b,vntc-it,bertopic_kmeans,11,10,3571,5afd099ef11ba4e02ae098427f8f68a242b00bad2e8ad0726aa09f174164f53b,1.9639413500008231,4.211881200011703,5631.804003700003,E:\Development\NLP_S3\benchmark\cafebert_full\results\representation_cache\vntc-it_3571_87b6d555f6c4c55cced8.npy,cafebert_mean_encode,18.89753900001233,5650.701542700015,5656.877365250028,3.314031600006274,ok,,0.22824891209602355,0.37,-0.22403968034908264,1.0,10,10
s3-cafebert-vietnamese-full-v1,4bbba1f8131d9c8ed741219255d2985be219ecc9b9368ad84e025bcac1cd840b,vntc-it,s3_angular,11,20,3571,5afd099ef11ba4e02ae098427f8f68a242b00bad2e8ad0726aa09f174164f53b,1.9639413500008231,4.211881200011703,5631.804003700003,E:\Development\NLP_S3\benchmark\cafebert_full\results\representation_cache\vntc-it_3571_87b6d555f6c4c55cced8.npy,cafebert_mean_encode,0.7981586999958381,5632.602162399999,5638.777984950011,4.442250799998874,ok,,0.25670747123658655,0.9,-0.3256792149347743,0.925,20,10
s3-cafebert-vietnamese-full-v1,4bbba1f8131d9c8ed741219255d2985be219ecc9b9368ad84e025bcac1cd840b,vntc-it,s3_combined,11,20,3571,5afd099ef11ba4e02ae098427f8f68a242b00bad2e8ad0726aa09f174164f53b,1.9639413500008231,4.211881200011703,5631.804003700003,E:\Development\NLP_S3\benchmark\cafebert_full\results\representation_cache\vntc-it_3571_87b6d555f6c4c55cced8.npy,cafebert_mean_encode,0.7983727000100771,5632.602376400013,5638.778198950025,4.53128559999459,ok,,0.24421867523342372,0.895,-0.32327409092931747,0.945,20,10
s3-cafebert-vietnamese-full-v1,4bbba1f8131d9c8ed741219255d2985be219ecc9b9368ad84e025bcac1cd840b,vntc-it,lda,11,20,3571,5afd099ef11ba4e02ae098427f8f68a242b00bad2e8ad0726aa09f174164f53b,1.9639413500008231,0.0,0.5576125000079628,E:\Development\NLP_S3\benchmark\cafebert_full\results\representation_cache\vntc-it_3571_5afd099ef11b_lexical.npz,countvectorizer_fit_transform,23.274674000000232,23.832286500008195,25.796227850009018,8.281168700006674,ok,,0.1352362647652626,0.44,0.019332709313972473,0.995,20,10
s3-cafebert-vietnamese-full-v1,4bbba1f8131d9c8ed741219255d2985be219ecc9b9368ad84e025bcac1cd840b,vntc-it,nmf,11,20,3571,5afd099ef11ba4e02ae098427f8f68a242b00bad2e8ad0726aa09f174164f53b,1.9639413500008231,0.0,0.5576125000079628,E:\Development\NLP_S3\benchmark\cafebert_full\results\representation_cache\vntc-it_3571_5afd099ef11b_lexical.npz,countvectorizer_fit_transform,1.7660894000000553,2.323701900008018,4.287643250008841,9.006785499994294,ok,,0.11988066481426359,0.585,0.038455024570113905,1.0,20,10
s3-cafebert-vietnamese-full-v1,4bbba1f8131d9c8ed741219255d2985be219ecc9b9368ad84e025bcac1cd840b,vntc-it,bertopic_kmeans,11,20,3571,5afd099ef11ba4e02ae098427f8f68a242b00bad2e8ad0726aa09f174164f53b,1.9639413500008231,4.211881200011703,5631.804003700003,E:\Development\NLP_S3\benchmark\cafebert_full\results\representation_cache\vntc-it_3571_87b6d555f6c4c55cced8.npy,cafebert_mean_encode,18.985255299994606,5650.789258999997,5656.96508155001,4.092635599998175,ok,,0.20942726135253906,0.38,-0.23498483713793625,1.0,20,10
s3-cafebert-vietnamese-full-v1,4bbba1f8131d9c8ed741219255d2985be219ecc9b9368ad84e025bcac1cd840b,vntc-it,s3_axial,11,20,3571,5afd099ef11ba4e02ae098427f8f68a242b00bad2e8ad0726aa09f174164f53b,1.9639413500008231,4.211881200011703,5631.804003700003,E:\Development\NLP_S3\benchmark\cafebert_full\results\representation_cache\vntc-it_3571_87b6d555f6c4c55cced8.npy,cafebert_mean_encode,0.7973516999918502,5632.601355399995,5638.777177950007,4.169865700008813,ok,,0.24632429126650096,0.89,-0.32795744168450225,0.955,20,10
s3-cafebert-vietnamese-full-v1,4bbba1f8131d9c8ed741219255d2985be219ecc9b9368ad84e025bcac1cd840b,vntc-it,s3_combined,11,30,3571,5afd099ef11ba4e02ae098427f8f68a242b00bad2e8ad0726aa09f174164f53b,1.9639413500008231,4.211881200011703,5631.804003700003,E:\Development\NLP_S3\benchmark\cafebert_full\results\representation_cache\vntc-it_3571_87b6d555f6c4c55cced8.npy,cafebert_mean_encode,0.8279088000126649,5632.6319125000155,5638.807735050028,4.43403030000627,ok,,0.3156076540549596,0.88,-0.32998756172774635,0.8733333333333333,30,10
s3-cafebert-vietnamese-full-v1,4bbba1f8131d9c8ed741219255d2985be219ecc9b9368ad84e025bcac1cd840b,vntc-it,lda,11,30,3571,5afd099ef11ba4e02ae098427f8f68a242b00bad2e8ad0726aa09f174164f53b,1.9639413500008231,0.0,0.5576125000079628,E:\Development\NLP_S3\benchmark\cafebert_full\results\representation_cache\vntc-it_3571_5afd099ef11b_lexical.npz,countvectorizer_fit_transform,51.995017100009136,52.5526296000171,54.51657095001792,8.808039800002007,ok,,0.12684887299935024,0.4866666666666667,0.03514919154226847,0.9966666666666667,30,10
s3-cafebert-vietnamese-full-v1,4bbba1f8131d9c8ed741219255d2985be219ecc9b9368ad84e025bcac1cd840b,vntc-it,nmf,11,30,3571,5afd099ef11ba4e02ae098427f8f68a242b00bad2e8ad0726aa09f174164f53b,1.9639413500008231,0.0,0.5576125000079628,E:\Development\NLP_S3\benchmark\cafebert_full\results\representation_cache\vntc-it_3571_5afd099ef11b_lexical.npz,countvectorizer_fit_transform,2.69324819999747,3.2508607000054326,5.214802050006256,9.72507630000473,ok,,0.12487188329299291,0.5633333333333334,0.05557405912489067,0.9966666666666667,30,10
s3-cafebert-vietnamese-full-v1,4bbba1f8131d9c8ed741219255d2985be219ecc9b9368ad84e025bcac1cd840b,vntc-it,bertopic_kmeans,11,30,3571,5afd099ef11ba4e02ae098427f8f68a242b00bad2e8ad0726aa09f174164f53b,1.9639413500008231,4.211881200011703,5631.804003700003,E:\Development\NLP_S3\benchmark\cafebert_full\results\representation_cache\vntc-it_3571_87b6d555f6c4c55cced8.npy,cafebert_mean_encode,19.11337320000166,5650.9173769000045,5657.093199450017,4.362598900013836,ok,,0.220748225102822,0.42,-0.1889234114007749,0.9966666666666667,30,10
s3-cafebert-vietnamese-full-v1,4bbba1f8131d9c8ed741219255d2985be219ecc9b9368ad84e025bcac1cd840b,vntc-it,s3_axial,11,30,3571,5afd099ef11ba4e02ae098427f8f68a242b00bad2e8ad0726aa09f174164f53b,1.9639413500008231,4.211881200011703,5631.804003700003,E:\Development\NLP_S3\benchmark\cafebert_full\results\representation_cache\vntc-it_3571_87b6d555f6c4c55cced8.npy,cafebert_mean_encode,0.8267836000013631,5632.630787300004,5638.806609850017,4.613213999997242,ok,,0.3103726754585902,0.8666666666666667,-0.3225270616998795,0.88,30,10
s3-cafebert-vietnamese-full-v1,4bbba1f8131d9c8ed741219255d2985be219ecc9b9368ad84e025bcac1cd840b,vntc-it,s3_angular,11,30,3571,5afd099ef11ba4e02ae098427f8f68a242b00bad2e8ad0726aa09f174164f53b,1.9639413500008231,4.211881200011703,5631.804003700003,E:\Development\NLP_S3\benchmark\cafebert_full\results\representation_cache\vntc-it_3571_87b6d555f6c4c55cced8.npy,cafebert_mean_encode,0.8281419000122696,5632.632145600015,5638.807968150028,4.346927599995979,ok,,0.31656724934776626,0.8933333333333333,-0.33350320459177635,0.8566666666666667,30,10
s3-cafebert-vietnamese-full-v1,4bbba1f8131d9c8ed741219255d2985be219ecc9b9368ad84e025bcac1cd840b,vntc-it,lda,11,40,3571,5afd099ef11ba4e02ae098427f8f68a242b00bad2e8ad0726aa09f174164f53b,1.9639413500008231,0.0,0.5576125000079628,E:\Development\NLP_S3\benchmark\cafebert_full\results\representation_cache\vntc-it_3571_5afd099ef11b_lexical.npz,countvectorizer_fit_transform,101.20884649999789,101.76645900000585,103.73040035000668,9.346405800009961,ok,,0.133983426168561,0.46,0.04453625830577368,0.995,40,10
s3-cafebert-vietnamese-full-v1,4bbba1f8131d9c8ed741219255d2985be219ecc9b9368ad84e025bcac1cd840b,vntc-it,nmf,11,40,3571,5afd099ef11ba4e02ae098427f8f68a242b00bad2e8ad0726aa09f174164f53b,1.9639413500008231,0.0,0.5576125000079628,E:\Development\NLP_S3\benchmark\cafebert_full\results\representation_cache\vntc-it_3571_5afd099ef11b_lexical.npz,countvectorizer_fit_transform,3.81522339998628,4.372835899994243,6.336777249995066,10.584774700007983,ok,,0.13331605549901723,0.5675,0.05865832378694833,0.995,40,10
s3-cafebert-vietnamese-full-v1,4bbba1f8131d9c8ed741219255d2985be219ecc9b9368ad84e025bcac1cd840b,vntc-it,bertopic_kmeans,11,40,3571,5afd099ef11ba4e02ae098427f8f68a242b00bad2e8ad0726aa09f174164f53b,1.9639413500008231,4.211881200011703,5631.804003700003,E:\Development\NLP_S3\benchmark\cafebert_full\results\representation_cache\vntc-it_3571_87b6d555f6c4c55cced8.npy,cafebert_mean_encode,19.263127600002917,5651.067131300006,5657.242953850018,4.817795199996908,ok,,0.2230924237985164,0.3775,-0.1732116040930807,0.9975,40,10
s3-cafebert-vietnamese-full-v1,4bbba1f8131d9c8ed741219255d2985be219ecc9b9368ad84e025bcac1cd840b,vntc-it,s3_axial,11,40,3571,5afd099ef11ba4e02ae098427f8f68a242b00bad2e8ad0726aa09f174164f53b,1.9639413500008231,4.211881200011703,5631.804003700003,E:\Development\NLP_S3\benchmark\cafebert_full\results\representation_cache\vntc-it_3571_87b6d555f6c4c55cced8.npy,cafebert_mean_encode,3.0731894000200555,5634.877193100023,5641.053015650035,5.259879699995508,ok,,0.27749334294348954,0.7825,-0.32109506537655036,0.935,40,10
s3-cafebert-vietnamese-full-v1,4bbba1f8131d9c8ed741219255d2985be219ecc9b9368ad84e025bcac1cd840b,vntc-it,s3_angular,11,40,3571,5afd099ef11ba4e02ae098427f8f68a242b00bad2e8ad0726aa09f174164f53b,1.9639413500008231,4.211881200011703,5631.804003700003,E:\Development\NLP_S3\benchmark\cafebert_full\results\representation_cache\vntc-it_3571_87b6d555f6c4c55cced8.npy,cafebert_mean_encode,3.075729300020612,5634.879733000023,5641.055555550036,5.497217099997215,ok,,0.28136216960847377,0.8,-0.3199441985715663,0.9175,40,10
s3-cafebert-vietnamese-full-v1,4bbba1f8131d9c8ed741219255d2985be219ecc9b9368ad84e025bcac1cd840b,vntc-it,s3_combined,11,40,3571,5afd099ef11ba4e02ae098427f8f68a242b00bad2e8ad0726aa09f174164f53b,1.9639413500008231,4.211881200011703,5631.804003700003,E:\Development\NLP_S3\benchmark\cafebert_full\results\representation_cache\vntc-it_3571_87b6d555f6c4c55cced8.npy,cafebert_mean_encode,3.0755291000095895,5634.879532800012,5641.055355350025,5.149750399999903,ok,,0.27690828451886773,0.7875,-0.3215595688606068,0.93,40,10
s3-cafebert-vietnamese-full-v1,4bbba1f8131d9c8ed741219255d2985be219ecc9b9368ad84e025bcac1cd840b,vntc-it,nmf,11,50,3571,5afd099ef11ba4e02ae098427f8f68a242b00bad2e8ad0726aa09f174164f53b,1.9639413500008231,0.0,0.5576125000079628,E:\Development\NLP_S3\benchmark\cafebert_full\results\representation_cache\vntc-it_3571_5afd099ef11b_lexical.npz,countvectorizer_fit_transform,4.986210800008848,5.543823300016811,7.507764650017634,11.328732699999819,ok,,0.13779362231492998,0.562,0.06720971819678594,0.992,50,10
s3-cafebert-vietnamese-full-v1,4bbba1f8131d9c8ed741219255d2985be219ecc9b9368ad84e025bcac1cd840b,vntc-it,bertopic_kmeans,11,50,3571,5afd099ef11ba4e02ae098427f8f68a242b00bad2e8ad0726aa09f174164f53b,1.9639413500008231,4.211881200011703,5631.804003700003,E:\Development\NLP_S3\benchmark\cafebert_full\results\representation_cache\vntc-it_3571_87b6d555f6c4c55cced8.npy,cafebert_mean_encode,19.42275840000366,5651.226762100006,5657.402584650019,4.848716299995431,ok,,0.23072649136185647,0.392,-0.1777153344661161,0.996,50,10
s3-cafebert-vietnamese-full-v1,4bbba1f8131d9c8ed741219255d2985be219ecc9b9368ad84e025bcac1cd840b,vntc-it,s3_axial,11,50,3571,5afd099ef11ba4e02ae098427f8f68a242b00bad2e8ad0726aa09f174164f53b,1.9639413500008231,4.211881200011703,5631.804003700003,E:\Development\NLP_S3\benchmark\cafebert_full\results\representation_cache\vntc-it_3571_87b6d555f6c4c55cced8.npy,cafebert_mean_encode,0.9228365000162739,5632.726840200019,5638.902662750032,5.296433099996648,ok,,0.29131317108869553,0.798,-0.3157213788073061,0.912,50,10
s3-cafebert-vietnamese-full-v1,4bbba1f8131d9c8ed741219255d2985be219ecc9b9368ad84e025bcac1cd840b,vntc-it,s3_angular,11,50,3571,5afd099ef11ba4e02ae098427f8f68a242b00bad2e8ad0726aa09f174164f53b,1.9639413500008231,4.211881200011703,5631.804003700003,E:\Development\NLP_S3\benchmark\cafebert_full\results\representation_cache\vntc-it_3571_87b6d555f6c4c55cced8.npy,cafebert_mean_encode,0.9249555000133114,5632.728959200016,5638.904781750029,5.22573089999787,ok,,0.2949311015754938,0.84,-0.31132687428725725,0.904,50,10
s3-cafebert-vietnamese-full-v1,4bbba1f8131d9c8ed741219255d2985be219ecc9b9368ad84e025bcac1cd840b,vntc-it,s3_combined,11,50,3571,5afd099ef11ba4e02ae098427f8f68a242b00bad2e8ad0726aa09f174164f53b,1.9639413500008231,4.211881200011703,5631.804003700003,E:\Development\NLP_S3\benchmark\cafebert_full\results\representation_cache\vntc-it_3571_87b6d555f6c4c55cced8.npy,cafebert_mean_encode,0.9258645000081742,5632.729868200011,5638.9056907500235,5.260753099995782,ok,,0.29019759356975555,0.814,-0.3125414126412001,0.906,50,10
s3-cafebert-vietnamese-full-v1,4bbba1f8131d9c8ed741219255d2985be219ecc9b9368ad84e025bcac1cd840b,vntc-it,lda,11,50,3571,5afd099ef11ba4e02ae098427f8f68a242b00bad2e8ad0726aa09f174164f53b,1.9639413500008231,0.0,0.5576125000079628,E:\Development\NLP_S3\benchmark\cafebert_full\results\representation_cache\vntc-it_3571_5afd099ef11b_lexical.npz,countvectorizer_fit_transform,169.359417700005,169.91703020001296,171.88097155001378,9.750193600004422,ok,,0.12887747641652822,0.424,0.04996433616556779,0.994,50,10
s3-cafebert-vietnamese-full-v1,4bbba1f8131d9c8ed741219255d2985be219ecc9b9368ad84e025bcac1cd840b,vntc-it,s3_axial,29,10,3571,5afd099ef11ba4e02ae098427f8f68a242b00bad2e8ad0726aa09f174164f53b,1.9639413500008231,4.211881200011703,5631.804003700003,E:\Development\NLP_S3\benchmark\cafebert_full\results\representation_cache\vntc-it_3571_87b6d555f6c4c55cced8.npy,cafebert_mean_encode,1.737496599991573,5633.541500299994,5639.717322850007,3.2412648999888916,ok,,0.3077127367258072,0.9,-0.3248402858788878,0.88,10,10
s3-cafebert-vietnamese-full-v1,4bbba1f8131d9c8ed741219255d2985be219ecc9b9368ad84e025bcac1cd840b,vntc-it,s3_angular,29,10,3571,5afd099ef11ba4e02ae098427f8f68a242b00bad2e8ad0726aa09f174164f53b,1.9639413500008231,4.211881200011703,5631.804003700003,E:\Development\NLP_S3\benchmark\cafebert_full\results\representation_cache\vntc-it_3571_87b6d555f6c4c55cced8.npy,cafebert_mean_encode,1.738459399988642,5633.542463099991,5639.718285650004,3.1758081000007223,ok,,0.3293523132801056,0.91,-0.33732347764789794,0.87,10,10
s3-cafebert-vietnamese-full-v1,4bbba1f8131d9c8ed741219255d2985be219ecc9b9368ad84e025bcac1cd840b,vntc-it,s3_combined,29,10,3571,5afd099ef11ba4e02ae098427f8f68a242b00bad2e8ad0726aa09f174164f53b,1.9639413500008231,4.211881200011703,5631.804003700003,E:\Development\NLP_S3\benchmark\cafebert_full\results\representation_cache\vntc-it_3571_87b6d555f6c4c55cced8.npy,cafebert_mean_encode,1.7388098999945214,5633.542813599997,5639.71863615001,3.3713877000118373,ok,,0.33119402527809144,0.92,-0.33534888017615094,0.86,10,10
s3-cafebert-vietnamese-full-v1,4bbba1f8131d9c8ed741219255d2985be219ecc9b9368ad84e025bcac1cd840b,vntc-it,lda,29,10,3571,5afd099ef11ba4e02ae098427f8f68a242b00bad2e8ad0726aa09f174164f53b,1.9639413500008231,0.0,0.5576125000079628,E:\Development\NLP_S3\benchmark\cafebert_full\results\representation_cache\vntc-it_3571_5afd099ef11b_lexical.npz,countvectorizer_fit_transform,15.583067900006426,16.14068040001439,18.104621750015212,7.71066470000369,ok,,0.14573623090982438,0.46,0.0008566697699494011,1.0,10,10
s3-cafebert-vietnamese-full-v1,4bbba1f8131d9c8ed741219255d2985be219ecc9b9368ad84e025bcac1cd840b,vntc-it,nmf,29,10,3571,5afd099ef11ba4e02ae098427f8f68a242b00bad2e8ad0726aa09f174164f53b,1.9639413500008231,0.0,0.5576125000079628,E:\Development\NLP_S3\benchmark\cafebert_full\results\representation_cache\vntc-it_3571_5afd099ef11b_lexical.npz,countvectorizer_fit_transform,0.9572049999987939,1.5148175000067567,3.47875885000758,7.995177899996634,ok,,0.12500048391520976,0.59,0.024575311302590254,1.0,10,10
s3-cafebert-vietnamese-full-v1,4bbba1f8131d9c8ed741219255d2985be219ecc9b9368ad84e025bcac1cd840b,vntc-it,bertopic_kmeans,29,10,3571,5afd099ef11ba4e02ae098427f8f68a242b00bad2e8ad0726aa09f174164f53b,1.9639413500008231,4.211881200011703,5631.804003700003,E:\Development\NLP_S3\benchmark\cafebert_full\results\representation_cache\vntc-it_3571_87b6d555f6c4c55cced8.npy,cafebert_mean_encode,19.003506299995934,5650.807509999999,5656.983332550011,3.269296200000099,ok,,0.2804198607802391,0.37,-0.18328766744697997,1.0,10,10
s3-cafebert-vietnamese-full-v1,4bbba1f8131d9c8ed741219255d2985be219ecc9b9368ad84e025bcac1cd840b,vntc-it,s3_angular,29,20,3571,5afd099ef11ba4e02ae098427f8f68a242b00bad2e8ad0726aa09f174164f53b,1.9639413500008231,4.211881200011703,5631.804003700003,E:\Development\NLP_S3\benchmark\cafebert_full\results\representation_cache\vntc-it_3571_87b6d555f6c4c55cced8.npy,cafebert_mean_encode,1.2440537999937078,5633.0480574999965,5639.223880050009,4.269217899985961,ok,,0.25868928655982015,0.935,-0.3157833520939356,0.95,20,10
s3-cafebert-vietnamese-full-v1,4bbba1f8131d9c8ed741219255d2985be219ecc9b9368ad84e025bcac1cd840b,vntc-it,s3_combined,29,20,3571,5afd099ef11ba4e02ae098427f8f68a242b00bad2e8ad0726aa09f174164f53b,1.9639413500008231,4.211881200011703,5631.804003700003,E:\Development\NLP_S3\benchmark\cafebert_full\results\representation_cache\vntc-it_3571_87b6d555f6c4c55cced8.npy,cafebert_mean_encode,1.2439106999954674,5633.047914399998,5639.223736950011,4.6666508999915095,ok,,0.2520859971642494,0.945,-0.3051965616918724,0.95,20,10
s3-cafebert-vietnamese-full-v1,4bbba1f8131d9c8ed741219255d2985be219ecc9b9368ad84e025bcac1cd840b,vntc-it,lda,29,20,3571,5afd099ef11ba4e02ae098427f8f68a242b00bad2e8ad0726aa09f174164f53b,1.9639413500008231,0.0,0.5576125000079628,E:\Development\NLP_S3\benchmark\cafebert_full\results\representation_cache\vntc-it_3571_5afd099ef11b_lexical.npz,countvectorizer_fit_transform,23.652099700004328,24.20971220001229,26.173653550013114,8.521703699996579,ok,,0.13933042120188474,0.48,0.02085292544821944,1.0,20,10
s3-cafebert-vietnamese-full-v1,4bbba1f8131d9c8ed741219255d2985be219ecc9b9368ad84e025bcac1cd840b,vntc-it,nmf,29,20,3571,5afd099ef11ba4e02ae098427f8f68a242b00bad2e8ad0726aa09f174164f53b,1.9639413500008231,0.0,0.5576125000079628,E:\Development\NLP_S3\benchmark\cafebert_full\results\representation_cache\vntc-it_3571_5afd099ef11b_lexical.npz,countvectorizer_fit_transform,1.9034902999992482,2.461102800007211,4.425044150008034,9.50974939999287,ok,,0.12244456866756082,0.595,0.03979152179898439,1.0,20,10
s3-cafebert-vietnamese-full-v1,4bbba1f8131d9c8ed741219255d2985be219ecc9b9368ad84e025bcac1cd840b,vntc-it,bertopic_kmeans,29,20,3571,5afd099ef11ba4e02ae098427f8f68a242b00bad2e8ad0726aa09f174164f53b,1.9639413500008231,4.211881200011703,5631.804003700003,E:\Development\NLP_S3\benchmark\cafebert_full\results\representation_cache\vntc-it_3571_87b6d555f6c4c55cced8.npy,cafebert_mean_encode,19.70376459999534,5651.507768299998,5657.683590850011,4.021706600004109,ok,,0.20716669857501985,0.365,-0.22958821115141864,1.0,20,10
s3-cafebert-vietnamese-full-v1,4bbba1f8131d9c8ed741219255d2985be219ecc9b9368ad84e025bcac1cd840b,vntc-it,s3_axial,29,20,3571,5afd099ef11ba4e02ae098427f8f68a242b00bad2e8ad0726aa09f174164f53b,1.9639413500008231,4.211881200011703,5631.804003700003,E:\Development\NLP_S3\benchmark\cafebert_full\results\representation_cache\vntc-it_3571_87b6d555f6c4c55cced8.npy,cafebert_mean_encode,1.2430175999907078,5633.0470212999935,5639.222843850006,4.74869029999536,ok,,0.24013025145977734,0.93,-0.3061496307547936,0.96,20,10
s3-cafebert-vietnamese-full-v1,4bbba1f8131d9c8ed741219255d2985be219ecc9b9368ad84e025bcac1cd840b,vntc-it,s3_combined,29,30,3571,5afd099ef11ba4e02ae098427f8f68a242b00bad2e8ad0726aa09f174164f53b,1.9639413500008231,4.211881200011703,5631.804003700003,E:\Development\NLP_S3\benchmark\cafebert_full\results\representation_cache\vntc-it_3571_87b6d555f6c4c55cced8.npy,cafebert_mean_encode,1.6251763999898685,5633.429180099993,5639.605002650005,5.019782399991527,ok,,0.2690135275324186,0.8766666666666667,-0.3147385946272995,0.9033333333333333,30,10
s3-cafebert-vietnamese-full-v1,4bbba1f8131d9c8ed741219255d2985be219ecc9b9368ad84e025bcac1cd840b,vntc-it,lda,29,30,3571,5afd099ef11ba4e02ae098427f8f68a242b00bad2e8ad0726aa09f174164f53b,1.9639413500008231,0.0,0.5576125000079628,E:\Development\NLP_S3\benchmark\cafebert_full\results\representation_cache\vntc-it_3571_5afd099ef11b_lexical.npz,countvectorizer_fit_transform,52.73638349999965,53.29399600000761,55.25793735000843,8.889781199992285,ok,,0.14375937494138877,0.48333333333333334,0.02879227241631604,0.9966666666666667,30,10
s3-cafebert-vietnamese-full-v1,4bbba1f8131d9c8ed741219255d2985be219ecc9b9368ad84e025bcac1cd840b,vntc-it,nmf,29,30,3571,5afd099ef11ba4e02ae098427f8f68a242b00bad2e8ad0726aa09f174164f53b,1.9639413500008231,0.0,0.5576125000079628,E:\Development\NLP_S3\benchmark\cafebert_full\results\representation_cache\vntc-it_3571_5afd099ef11b_lexical.npz,countvectorizer_fit_transform,2.551728999998886,3.109341500006849,5.073282850007672,9.875841000000946,ok,,0.12664085837701958,0.5533333333333333,0.04908731823454404,0.9966666666666667,30,10
s3-cafebert-vietnamese-full-v1,4bbba1f8131d9c8ed741219255d2985be219ecc9b9368ad84e025bcac1cd840b,vntc-it,bertopic_kmeans,29,30,3571,5afd099ef11ba4e02ae098427f8f68a242b00bad2e8ad0726aa09f174164f53b,1.9639413500008231,4.211881200011703,5631.804003700003,E:\Development\NLP_S3\benchmark\cafebert_full\results\representation_cache\vntc-it_3571_87b6d555f6c4c55cced8.npy,cafebert_mean_encode,19.22066390000691,5651.02466760001,5657.200490150022,4.250184499993338,ok,,0.207033854474624,0.36333333333333334,-0.2060259095697676,0.9966666666666667,30,10
s3-cafebert-vietnamese-full-v1,4bbba1f8131d9c8ed741219255d2985be219ecc9b9368ad84e025bcac1cd840b,vntc-it,s3_axial,29,30,3571,5afd099ef11ba4e02ae098427f8f68a242b00bad2e8ad0726aa09f174164f53b,1.9639413500008231,4.211881200011703,5631.804003700003,E:\Development\NLP_S3\benchmark\cafebert_full\results\representation_cache\vntc-it_3571_87b6d555f6c4c55cced8.npy,cafebert_mean_encode,1.6242522999964422,5633.428255999999,5639.604078550012,4.982440399995539,ok,,0.2716485967238744,0.8733333333333333,-0.310120282948154,0.9133333333333333,30,10
s3-cafebert-vietnamese-full-v1,4bbba1f8131d9c8ed741219255d2985be219ecc9b9368ad84e025bcac1cd840b,vntc-it,s3_angular,29,30,3571,5afd099ef11ba4e02ae098427f8f68a242b00bad2e8ad0726aa09f174164f53b,1.9639413500008231,4.211881200011703,5631.804003700003,E:\Development\NLP_S3\benchmark\cafebert_full\results\representation_cache\vntc-it_3571_87b6d555f6c4c55cced8.npy,cafebert_mean_encode,1.6252718999894569,5633.429275599992,5639.605098150005,4.941958199997316,ok,,0.2820725234846274,0.88,-0.31331139966280763,0.89,30,10
s3-cafebert-vietnamese-full-v1,4bbba1f8131d9c8ed741219255d2985be219ecc9b9368ad84e025bcac1cd840b,vntc-it,lda,29,40,3571,5afd099ef11ba4e02ae098427f8f68a242b00bad2e8ad0726aa09f174164f53b,1.9639413500008231,0.0,0.5576125000079628,E:\Development\NLP_S3\benchmark\cafebert_full\results\representation_cache\vntc-it_3571_5afd099ef11b_lexical.npz,countvectorizer_fit_transform,102.34440349999932,102.90201600000728,104.8659573500081,9.680672200003755,ok,,0.13338629426434637,0.49,0.03379846703358046,0.9925,40,10
s3-cafebert-vietnamese-full-v1,4bbba1f8131d9c8ed741219255d2985be219ecc9b9368ad84e025bcac1cd840b,vntc-it,nmf,29,40,3571,5afd099ef11ba4e02ae098427f8f68a242b00bad2e8ad0726aa09f174164f53b,1.9639413500008231,0.0,0.5576125000079628,E:\Development\NLP_S3\benchmark\cafebert_full\results\representation_cache\vntc-it_3571_5afd099ef11b_lexical.npz,countvectorizer_fit_transform,3.8157039000070654,4.373316400015028,6.337257750015851,10.883662200008985,ok,,0.1249030603095889,0.565,0.057856667515829616,0.995,40,10
s3-cafebert-vietnamese-full-v1,4bbba1f8131d9c8ed741219255d2985be219ecc9b9368ad84e025bcac1cd840b,vntc-it,bertopic_kmeans,29,40,3571,5afd099ef11ba4e02ae098427f8f68a242b00bad2e8ad0726aa09f174164f53b,1.9639413500008231,4.211881200011703,5631.804003700003,E:\Development\NLP_S3\benchmark\cafebert_full\results\representation_cache\vntc-it_3571_87b6d555f6c4c55cced8.npy,cafebert_mean_encode,19.267535699997097,5651.0715394,5657.247361950012,4.673831200008863,ok,,0.2222450517117977,0.3775,-0.18205211065244686,0.9975,40,10
s3-cafebert-vietnamese-full-v1,4bbba1f8131d9c8ed741219255d2985be219ecc9b9368ad84e025bcac1cd840b,vntc-it,s3_axial,29,40,3571,5afd099ef11ba4e02ae098427f8f68a242b00bad2e8ad0726aa09f174164f53b,1.9639413500008231,4.211881200011703,5631.804003700003,E:\Development\NLP_S3\benchmark\cafebert_full\results\representation_cache\vntc-it_3571_87b6d555f6c4c55cced8.npy,cafebert_mean_encode,2.1109190999995917,5633.914922800002,5640.090745350015,4.687194700003602,ok,,0.3324348540976644,0.83,-0.3238440395495108,0.8625,40,10
s3-cafebert-vietnamese-full-v1,4bbba1f8131d9c8ed741219255d2985be219ecc9b9368ad84e025bcac1cd840b,vntc-it,s3_angular,29,40,3571,5afd099ef11ba4e02ae098427f8f68a242b00bad2e8ad0726aa09f174164f53b,1.9639413500008231,4.211881200011703,5631.804003700003,E:\Development\NLP_S3\benchmark\cafebert_full\results\representation_cache\vntc-it_3571_87b6d555f6c4c55cced8.npy,cafebert_mean_encode,2.113954400003422,5633.917958100006,5640.093780650019,4.5375330000097165,ok,,0.3526585240848362,0.8325,-0.32100714226467064,0.8425,40,10
s3-cafebert-vietnamese-full-v1,4bbba1f8131d9c8ed741219255d2985be219ecc9b9368ad84e025bcac1cd840b,vntc-it,s3_combined,29,40,3571,5afd099ef11ba4e02ae098427f8f68a242b00bad2e8ad0726aa09f174164f53b,1.9639413500008231,4.211881200011703,5631.804003700003,E:\Development\NLP_S3\benchmark\cafebert_full\results\representation_cache\vntc-it_3571_87b6d555f6c4c55cced8.npy,cafebert_mean_encode,2.1139962000015657,5633.917999900004,5640.093822450017,4.863797500001965,ok,,0.3420641504228115,0.8225,-0.31948324388721205,0.8575,40,10
s3-cafebert-vietnamese-full-v1,4bbba1f8131d9c8ed741219255d2985be219ecc9b9368ad84e025bcac1cd840b,vntc-it,nmf,29,50,3571,5afd099ef11ba4e02ae098427f8f68a242b00bad2e8ad0726aa09f174164f53b,1.9639413500008231,0.0,0.5576125000079628,E:\Development\NLP_S3\benchmark\cafebert_full\results\representation_cache\vntc-it_3571_5afd099ef11b_lexical.npz,countvectorizer_fit_transform,5.275833799998509,5.833446300006472,7.797387650007295,12.769343400010257,ok,,0.14964749693870544,0.582,0.0766413799337664,0.992,50,10
s3-cafebert-vietnamese-full-v1,4bbba1f8131d9c8ed741219255d2985be219ecc9b9368ad84e025bcac1cd840b,vntc-it,bertopic_kmeans,29,50,3571,5afd099ef11ba4e02ae098427f8f68a242b00bad2e8ad0726aa09f174164f53b,1.9639413500008231,4.211881200011703,5631.804003700003,E:\Development\NLP_S3\benchmark\cafebert_full\results\representation_cache\vntc-it_3571_87b6d555f6c4c55cced8.npy,cafebert_mean_encode,19.38361740000255,5651.187621100005,5657.363443650018,4.914096399996197,ok,,0.2152515520900488,0.372,-0.187150305560185,0.994,50,10
s3-cafebert-vietnamese-full-v1,4bbba1f8131d9c8ed741219255d2985be219ecc9b9368ad84e025bcac1cd840b,vntc-it,s3_axial,29,50,3571,5afd099ef11ba4e02ae098427f8f68a242b00bad2e8ad0726aa09f174164f53b,1.9639413500008231,4.211881200011703,5631.804003700003,E:\Development\NLP_S3\benchmark\cafebert_full\results\representation_cache\vntc-it_3571_87b6d555f6c4c55cced8.npy,cafebert_mean_encode,0.8810434000042733,5632.685047100007,5638.86086965002,5.098597599993809,ok,,0.2977626919001341,0.79,-0.32191283018605604,0.872,50,10
s3-cafebert-vietnamese-full-v1,4bbba1f8131d9c8ed741219255d2985be219ecc9b9368ad84e025bcac1cd840b,vntc-it,s3_angular,29,50,3571,5afd099ef11ba4e02ae098427f8f68a242b00bad2e8ad0726aa09f174164f53b,1.9639413500008231,4.211881200011703,5631.804003700003,E:\Development\NLP_S3\benchmark\cafebert_full\results\representation_cache\vntc-it_3571_87b6d555f6c4c55cced8.npy,cafebert_mean_encode,0.8836215999908745,5632.687625299994,5638.863447850006,4.980025600001682,ok,,0.30288803577423096,0.846,-0.3291793715283598,0.856,50,10
s3-cafebert-vietnamese-full-v1,4bbba1f8131d9c8ed741219255d2985be219ecc9b9368ad84e025bcac1cd840b,vntc-it,s3_combined,29,50,3571,5afd099ef11ba4e02ae098427f8f68a242b00bad2e8ad0726aa09f174164f53b,1.9639413500008231,4.211881200011703,5631.804003700003,E:\Development\NLP_S3\benchmark\cafebert_full\results\representation_cache\vntc-it_3571_87b6d555f6c4c55cced8.npy,cafebert_mean_encode,0.8842714000056731,5632.6882751000085,5638.864097650021,5.252002399996854,ok,,0.2938182707875967,0.812,-0.3200661103850944,0.872,50,10
s3-cafebert-vietnamese-full-v1,4bbba1f8131d9c8ed741219255d2985be219ecc9b9368ad84e025bcac1cd840b,vntc-it,lda,29,50,3571,5afd099ef11ba4e02ae098427f8f68a242b00bad2e8ad0726aa09f174164f53b,1.9639413500008231,0.0,0.5576125000079628,E:\Development\NLP_S3\benchmark\cafebert_full\results\representation_cache\vntc-it_3571_5afd099ef11b_lexical.npz,countvectorizer_fit_transform,173.30715319998853,173.8647656999965,175.82870704999732,12.728243399993517,ok,,0.13901152238249778,0.452,0.044015336413016574,0.994,50,10
s3-cafebert-vietnamese-full-v1,4bbba1f8131d9c8ed741219255d2985be219ecc9b9368ad84e025bcac1cd840b,vntc-it,s3_angular,42,10,3571,5afd099ef11ba4e02ae098427f8f68a242b00bad2e8ad0726aa09f174164f53b,1.9639413500008231,4.211881200011703,5631.804003700003,E:\Development\NLP_S3\benchmark\cafebert_full\results\representation_cache\vntc-it_3571_87b6d555f6c4c55cced8.npy,cafebert_mean_encode,0.813420499995118,5632.617424199998,5638.79324675001,3.106092500005616,ok,,0.37503562271595003,0.9,-0.3161725940118183,0.75,10,10
s3-cafebert-vietnamese-full-v1,4bbba1f8131d9c8ed741219255d2985be219ecc9b9368ad84e025bcac1cd840b,vntc-it,s3_combined,42,10,3571,5afd099ef11ba4e02ae098427f8f68a242b00bad2e8ad0726aa09f174164f53b,1.9639413500008231,4.211881200011703,5631.804003700003,E:\Development\NLP_S3\benchmark\cafebert_full\results\representation_cache\vntc-it_3571_87b6d555f6c4c55cced8.npy,cafebert_mean_encode,0.8136501999979373,5632.617653900001,5638.793476450013,3.1052134999918053,ok,,0.3689896821975708,0.9,-0.3154054390509931,0.75,10,10
s3-cafebert-vietnamese-full-v1,4bbba1f8131d9c8ed741219255d2985be219ecc9b9368ad84e025bcac1cd840b,vntc-it,lda,42,10,3571,5afd099ef11ba4e02ae098427f8f68a242b00bad2e8ad0726aa09f174164f53b,1.9639413500008231,0.0,0.5576125000079628,E:\Development\NLP_S3\benchmark\cafebert_full\results\representation_cache\vntc-it_3571_5afd099ef11b_lexical.npz,countvectorizer_fit_transform,19.269386400002986,19.82699890001095,21.790940250011772,7.493346900009783,ok,,0.1385434314608574,0.43,-0.0022929009851569175,1.0,10,10
s3-cafebert-vietnamese-full-v1,4bbba1f8131d9c8ed741219255d2985be219ecc9b9368ad84e025bcac1cd840b,vntc-it,nmf,42,10,3571,5afd099ef11ba4e02ae098427f8f68a242b00bad2e8ad0726aa09f174164f53b,1.9639413500008231,0.0,0.5576125000079628,E:\Development\NLP_S3\benchmark\cafebert_full\results\representation_cache\vntc-it_3571_5afd099ef11b_lexical.npz,countvectorizer_fit_transform,0.9372146000096109,1.4948271000175737,3.458768450018397,10.13864969999122,ok,,0.12500048838555813,0.59,0.024575311302590254,1.0,10,10
s3-cafebert-vietnamese-full-v1,4bbba1f8131d9c8ed741219255d2985be219ecc9b9368ad84e025bcac1cd840b,vntc-it,bertopic_kmeans,42,10,3571,5afd099ef11ba4e02ae098427f8f68a242b00bad2e8ad0726aa09f174164f53b,1.9639413500008231,4.211881200011703,5631.804003700003,E:\Development\NLP_S3\benchmark\cafebert_full\results\representation_cache\vntc-it_3571_87b6d555f6c4c55cced8.npy,cafebert_mean_encode,25.830654400007916,5657.634658100011,5663.810480650023,3.837585000001127,ok,,0.2657150521874428,0.38,-0.18583889693358216,1.0,10,10
s3-cafebert-vietnamese-full-v1,4bbba1f8131d9c8ed741219255d2985be219ecc9b9368ad84e025bcac1cd840b,vntc-it,s3_axial,42,10,3571,5afd099ef11ba4e02ae098427f8f68a242b00bad2e8ad0726aa09f174164f53b,1.9639413500008231,4.211881200011703,5631.804003700003,E:\Development\NLP_S3\benchmark\cafebert_full\results\representation_cache\vntc-it_3571_87b6d555f6c4c55cced8.npy,cafebert_mean_encode,0.8131399999983842,5632.617143700001,5638.792966250014,3.156561199997668,ok,,0.33379222750663756,0.9,-0.3110642586611661,0.8,10,10
s3-cafebert-vietnamese-full-v1,4bbba1f8131d9c8ed741219255d2985be219ecc9b9368ad84e025bcac1cd840b,vntc-it,s3_combined,42,20,3571,5afd099ef11ba4e02ae098427f8f68a242b00bad2e8ad0726aa09f174164f53b,1.9639413500008231,4.211881200011703,5631.804003700003,E:\Development\NLP_S3\benchmark\cafebert_full\results\representation_cache\vntc-it_3571_87b6d555f6c4c55cced8.npy,cafebert_mean_encode,3.5770484000095166,5635.381052100012,5641.556874650025,4.015367800006061,ok,,0.3048288404941559,0.835,-0.309731240962145,0.905,20,10
s3-cafebert-vietnamese-full-v1,4bbba1f8131d9c8ed741219255d2985be219ecc9b9368ad84e025bcac1cd840b,vntc-it,lda,42,20,3571,5afd099ef11ba4e02ae098427f8f68a242b00bad2e8ad0726aa09f174164f53b,1.9639413500008231,0.0,0.5576125000079628,E:\Development\NLP_S3\benchmark\cafebert_full\results\representation_cache\vntc-it_3571_5afd099ef11b_lexical.npz,countvectorizer_fit_transform,25.230006099998718,25.78761860000668,27.751559950007504,8.417725799998152,ok,,0.14634592905640603,0.47,0.014966839873731975,0.99,20,10
s3-cafebert-vietnamese-full-v1,4bbba1f8131d9c8ed741219255d2985be219ecc9b9368ad84e025bcac1cd840b,vntc-it,nmf,42,20,3571,5afd099ef11ba4e02ae098427f8f68a242b00bad2e8ad0726aa09f174164f53b,1.9639413500008231,0.0,0.5576125000079628,E:\Development\NLP_S3\benchmark\cafebert_full\results\representation_cache\vntc-it_3571_5afd099ef11b_lexical.npz,countvectorizer_fit_transform,1.6510372000047937,2.2086497000127565,4.17259105001358,8.719467099988833,ok,,0.11909989342093467,0.575,0.040916697208121286,1.0,20,10
s3-cafebert-vietnamese-full-v1,4bbba1f8131d9c8ed741219255d2985be219ecc9b9368ad84e025bcac1cd840b,vntc-it,bertopic_kmeans,42,20,3571,5afd099ef11ba4e02ae098427f8f68a242b00bad2e8ad0726aa09f174164f53b,1.9639413500008231,4.211881200011703,5631.804003700003,E:\Development\NLP_S3\benchmark\cafebert_full\results\representation_cache\vntc-it_3571_87b6d555f6c4c55cced8.npy,cafebert_mean_encode,20.087506199997733,5651.8915099000005,5658.067332450013,5.678880299994489,ok,,0.21651265248656273,0.365,-0.2394241320655209,1.0,20,10
s3-cafebert-vietnamese-full-v1,4bbba1f8131d9c8ed741219255d2985be219ecc9b9368ad84e025bcac1cd840b,vntc-it,s3_axial,42,20,3571,5afd099ef11ba4e02ae098427f8f68a242b00bad2e8ad0726aa09f174164f53b,1.9639413500008231,4.211881200011703,5631.804003700003,E:\Development\NLP_S3\benchmark\cafebert_full\results\representation_cache\vntc-it_3571_87b6d555f6c4c55cced8.npy,cafebert_mean_encode,3.5781146000081208,5635.382118300011,5641.557940850023,4.311044300004141,ok,,0.305454233288765,0.835,-0.30432754246889504,0.92,20,10
s3-cafebert-vietnamese-full-v1,4bbba1f8131d9c8ed741219255d2985be219ecc9b9368ad84e025bcac1cd840b,vntc-it,s3_angular,42,20,3571,5afd099ef11ba4e02ae098427f8f68a242b00bad2e8ad0726aa09f174164f53b,1.9639413500008231,4.211881200011703,5631.804003700003,E:\Development\NLP_S3\benchmark\cafebert_full\results\representation_cache\vntc-it_3571_87b6d555f6c4c55cced8.npy,cafebert_mean_encode,3.5771291999990353,5635.381132900002,5641.556955450014,3.7406160999962594,ok,,0.31614090614020823,0.835,-0.31832375840437854,0.885,20,10
s3-cafebert-vietnamese-full-v1,4bbba1f8131d9c8ed741219255d2985be219ecc9b9368ad84e025bcac1cd840b,vntc-it,lda,42,30,3571,5afd099ef11ba4e02ae098427f8f68a242b00bad2e8ad0726aa09f174164f53b,1.9639413500008231,0.0,0.5576125000079628,E:\Development\NLP_S3\benchmark\cafebert_full\results\representation_cache\vntc-it_3571_5afd099ef11b_lexical.npz,countvectorizer_fit_transform,54.76995219998935,55.32756469999731,57.291506049998134,9.19652959999803,ok,,0.1500728617111842,0.4633333333333333,0.03162084984209989,0.9866666666666667,30,10
s3-cafebert-vietnamese-full-v1,4bbba1f8131d9c8ed741219255d2985be219ecc9b9368ad84e025bcac1cd840b,vntc-it,nmf,42,30,3571,5afd099ef11ba4e02ae098427f8f68a242b00bad2e8ad0726aa09f174164f53b,1.9639413500008231,0.0,0.5576125000079628,E:\Development\NLP_S3\benchmark\cafebert_full\results\representation_cache\vntc-it_3571_5afd099ef11b_lexical.npz,countvectorizer_fit_transform,4.649570400011726,5.2071829000196885,7.171124250020512,10.827893199995742,ok,,0.12349689571807781,0.5633333333333334,0.055331714656228076,0.9933333333333333,30,10
s3-cafebert-vietnamese-full-v1,4bbba1f8131d9c8ed741219255d2985be219ecc9b9368ad84e025bcac1cd840b,vntc-it,bertopic_kmeans,42,30,3571,5afd099ef11ba4e02ae098427f8f68a242b00bad2e8ad0726aa09f174164f53b,1.9639413500008231,4.211881200011703,5631.804003700003,E:\Development\NLP_S3\benchmark\cafebert_full\results\representation_cache\vntc-it_3571_87b6d555f6c4c55cced8.npy,cafebert_mean_encode,18.878031100000953,5650.682034800004,5656.857857350016,4.182992000001832,ok,,0.2165366547803084,0.3933333333333333,-0.21940468779990482,0.9966666666666667,30,10
s3-cafebert-vietnamese-full-v1,4bbba1f8131d9c8ed741219255d2985be219ecc9b9368ad84e025bcac1cd840b,vntc-it,s3_axial,42,30,3571,5afd099ef11ba4e02ae098427f8f68a242b00bad2e8ad0726aa09f174164f53b,1.9639413500008231,4.211881200011703,5631.804003700003,E:\Development\NLP_S3\benchmark\cafebert_full\results\representation_cache\vntc-it_3571_87b6d555f6c4c55cced8.npy,cafebert_mean_encode,1.6743987000081688,5633.478402400011,5639.6542249500235,6.7970459000061965,ok,,0.28176709860563276,0.8966666666666666,-0.292600009779978,0.8866666666666667,30,10
s3-cafebert-vietnamese-full-v1,4bbba1f8131d9c8ed741219255d2985be219ecc9b9368ad84e025bcac1cd840b,vntc-it,s3_angular,42,30,3571,5afd099ef11ba4e02ae098427f8f68a242b00bad2e8ad0726aa09f174164f53b,1.9639413500008231,4.211881200011703,5631.804003700003,E:\Development\NLP_S3\benchmark\cafebert_full\results\representation_cache\vntc-it_3571_87b6d555f6c4c55cced8.npy,cafebert_mean_encode,1.6775118999939878,5633.481515599997,5639.657338150009,7.328147899999749,ok,,0.29219184070825577,0.9133333333333333,-0.30150720115518787,0.86,30,10
s3-cafebert-vietnamese-full-v1,4bbba1f8131d9c8ed741219255d2985be219ecc9b9368ad84e025bcac1cd840b,vntc-it,s3_combined,42,30,3571,5afd099ef11ba4e02ae098427f8f68a242b00bad2e8ad0726aa09f174164f53b,1.9639413500008231,4.211881200011703,5631.804003700003,E:\Development\NLP_S3\benchmark\cafebert_full\results\representation_cache\vntc-it_3571_87b6d555f6c4c55cced8.npy,cafebert_mean_encode,1.6791410000005271,5633.483144700003,5639.658967250016,7.933579899996403,ok,,0.2839234280089537,0.91,-0.2913319420710303,0.87,30,10
s3-cafebert-vietnamese-full-v1,4bbba1f8131d9c8ed741219255d2985be219ecc9b9368ad84e025bcac1cd840b,vntc-it,nmf,42,40,3571,5afd099ef11ba4e02ae098427f8f68a242b00bad2e8ad0726aa09f174164f53b,1.9639413500008231,0.0,0.5576125000079628,E:\Development\NLP_S3\benchmark\cafebert_full\results\representation_cache\vntc-it_3571_5afd099ef11b_lexical.npz,countvectorizer_fit_transform,3.535188300011214,4.092800800019177,6.05674215002,10.176397499992163,ok,,0.1395793493837118,0.56,0.06594363445989433,0.995,40,10
s3-cafebert-vietnamese-full-v1,4bbba1f8131d9c8ed741219255d2985be219ecc9b9368ad84e025bcac1cd840b,vntc-it,bertopic_kmeans,42,40,3571,5afd099ef11ba4e02ae098427f8f68a242b00bad2e8ad0726aa09f174164f53b,1.9639413500008231,4.211881200011703,5631.804003700003,E:\Development\NLP_S3\benchmark\cafebert_full\results\representation_cache\vntc-it_3571_87b6d555f6c4c55cced8.npy,cafebert_mean_encode,18.841141199998674,5650.6451449000015,5656.820967450014,4.587745900003938,ok,,0.2052515938412398,0.365,-0.19903917312474423,0.9975,40,10
s3-cafebert-vietnamese-full-v1,4bbba1f8131d9c8ed741219255d2985be219ecc9b9368ad84e025bcac1cd840b,vntc-it,s3_axial,42,40,3571,5afd099ef11ba4e02ae098427f8f68a242b00bad2e8ad0726aa09f174164f53b,1.9639413500008231,4.211881200011703,5631.804003700003,E:\Development\NLP_S3\benchmark\cafebert_full\results\representation_cache\vntc-it_3571_87b6d555f6c4c55cced8.npy,cafebert_mean_encode,1.0991208999912487,5632.903124599994,5639.078947150007,5.158587199999602,ok,,0.28235078044235706,0.8475,-0.3162918716319207,0.945,40,10
s3-cafebert-vietnamese-full-v1,4bbba1f8131d9c8ed741219255d2985be219ecc9b9368ad84e025bcac1cd840b,vntc-it,s3_angular,42,40,3571,5afd099ef11ba4e02ae098427f8f68a242b00bad2e8ad0726aa09f174164f53b,1.9639413500008231,4.211881200011703,5631.804003700003,E:\Development\NLP_S3\benchmark\cafebert_full\results\representation_cache\vntc-it_3571_87b6d555f6c4c55cced8.npy,cafebert_mean_encode,1.1010499999829335,5632.905053699986,5639.080876249998,5.07027690000541,ok,,0.2798967927694321,0.87,-0.30681117706021216,0.935,40,10
s3-cafebert-vietnamese-full-v1,4bbba1f8131d9c8ed741219255d2985be219ecc9b9368ad84e025bcac1cd840b,vntc-it,s3_combined,42,40,3571,5afd099ef11ba4e02ae098427f8f68a242b00bad2e8ad0726aa09f174164f53b,1.9639413500008231,4.211881200011703,5631.804003700003,E:\Development\NLP_S3\benchmark\cafebert_full\results\representation_cache\vntc-it_3571_87b6d555f6c4c55cced8.npy,cafebert_mean_encode,1.1013653999834787,5632.905369099986,5639.081191649999,5.315958099992713,ok,,0.2878678604960442,0.85,-0.31458801739636255,0.94,40,10
s3-cafebert-vietnamese-full-v1,4bbba1f8131d9c8ed741219255d2985be219ecc9b9368ad84e025bcac1cd840b,vntc-it,lda,42,40,3571,5afd099ef11ba4e02ae098427f8f68a242b00bad2e8ad0726aa09f174164f53b,1.9639413500008231,0.0,0.5576125000079628,E:\Development\NLP_S3\benchmark\cafebert_full\results\representation_cache\vntc-it_3571_5afd099ef11b_lexical.npz,countvectorizer_fit_transform,110.71537380000518,111.27298630001314,113.23692765001397,9.29627459999756,ok,,0.14819988668896258,0.4275,0.04183207084202898,0.99,40,10
s3-cafebert-vietnamese-full-v1,4bbba1f8131d9c8ed741219255d2985be219ecc9b9368ad84e025bcac1cd840b,vntc-it,bertopic_kmeans,42,50,3571,5afd099ef11ba4e02ae098427f8f68a242b00bad2e8ad0726aa09f174164f53b,1.9639413500008231,4.211881200011703,5631.804003700003,E:\Development\NLP_S3\benchmark\cafebert_full\results\representation_cache\vntc-it_3571_87b6d555f6c4c55cced8.npy,cafebert_mean_encode,19.16333390001091,5650.967337600014,5657.143160150026,4.661888100003125,ok,,0.21719783663749695,0.38,-0.18003775519386214,0.998,50,10
s3-cafebert-vietnamese-full-v1,4bbba1f8131d9c8ed741219255d2985be219ecc9b9368ad84e025bcac1cd840b,vntc-it,s3_axial,42,50,3571,5afd099ef11ba4e02ae098427f8f68a242b00bad2e8ad0726aa09f174164f53b,1.9639413500008231,4.211881200011703,5631.804003700003,E:\Development\NLP_S3\benchmark\cafebert_full\results\representation_cache\vntc-it_3571_87b6d555f6c4c55cced8.npy,cafebert_mean_encode,0.7617429999954766,5632.565746699998,5638.741569250011,4.84043229999952,ok,,0.3156366342306137,0.802,-0.32609751349458194,0.888,50,10
s3-cafebert-vietnamese-full-v1,4bbba1f8131d9c8ed741219255d2985be219ecc9b9368ad84e025bcac1cd840b,vntc-it,s3_angular,42,50,3571,5afd099ef11ba4e02ae098427f8f68a242b00bad2e8ad0726aa09f174164f53b,1.9639413500008231,4.211881200011703,5631.804003700003,E:\Development\NLP_S3\benchmark\cafebert_full\results\representation_cache\vntc-it_3571_87b6d555f6c4c55cced8.npy,cafebert_mean_encode,0.7643332999869017,5632.56833699999,5638.744159550002,4.968928399990546,ok,,0.32027228355407716,0.868,-0.32760359536165573,0.86,50,10
s3-cafebert-vietnamese-full-v1,4bbba1f8131d9c8ed741219255d2985be219ecc9b9368ad84e025bcac1cd840b,vntc-it,s3_combined,42,50,3571,5afd099ef11ba4e02ae098427f8f68a242b00bad2e8ad0726aa09f174164f53b,1.9639413500008231,4.211881200011703,5631.804003700003,E:\Development\NLP_S3\benchmark\cafebert_full\results\representation_cache\vntc-it_3571_87b6d555f6c4c55cced8.npy,cafebert_mean_encode,0.7650872999947751,5632.569090999998,5638.74491355001,4.621738300003926,ok,,0.31400555491447446,0.832,-0.3246366790081675,0.876,50,10
s3-cafebert-vietnamese-full-v1,4bbba1f8131d9c8ed741219255d2985be219ecc9b9368ad84e025bcac1cd840b,vntc-it,lda,42,50,3571,5afd099ef11ba4e02ae098427f8f68a242b00bad2e8ad0726aa09f174164f53b,1.9639413500008231,0.0,0.5576125000079628,E:\Development\NLP_S3\benchmark\cafebert_full\results\representation_cache\vntc-it_3571_5afd099ef11b_lexical.npz,countvectorizer_fit_transform,169.94678149999527,170.50439400000323,172.46833535000405,9.694307099998696,ok,,0.14131266843527557,0.42,0.03185482856091812,0.984,50,10
s3-cafebert-vietnamese-full-v1,4bbba1f8131d9c8ed741219255d2985be219ecc9b9368ad84e025bcac1cd840b,vntc-it,nmf,42,50,3571,5afd099ef11ba4e02ae098427f8f68a242b00bad2e8ad0726aa09f174164f53b,1.9639413500008231,0.0,0.5576125000079628,E:\Development\NLP_S3\benchmark\cafebert_full\results\representation_cache\vntc-it_3571_5afd099ef11b_lexical.npz,countvectorizer_fit_transform,4.718786199999158,5.276398700007121,7.240340050007944,11.433052399996086,ok,,0.13603709697723387,0.562,0.06672680283123669,0.99,50,10
s3-cafebert-vietnamese-full-v1,4bbba1f8131d9c8ed741219255d2985be219ecc9b9368ad84e025bcac1cd840b,vntc-it,s3_axial,47,10,3571,5afd099ef11ba4e02ae098427f8f68a242b00bad2e8ad0726aa09f174164f53b,1.9639413500008231,4.211881200011703,5631.804003700003,E:\Development\NLP_S3\benchmark\cafebert_full\results\representation_cache\vntc-it_3571_87b6d555f6c4c55cced8.npy,cafebert_mean_encode,4.967175900004804,5636.771179600008,5642.94700215002,3.5844252000097185,ok,,0.25720987021923064,0.85,-0.32503125820983675,0.98,10,10
s3-cafebert-vietnamese-full-v1,4bbba1f8131d9c8ed741219255d2985be219ecc9b9368ad84e025bcac1cd840b,vntc-it,s3_angular,47,10,3571,5afd099ef11ba4e02ae098427f8f68a242b00bad2e8ad0726aa09f174164f53b,1.9639413500008231,4.211881200011703,5631.804003700003,E:\Development\NLP_S3\benchmark\cafebert_full\results\representation_cache\vntc-it_3571_87b6d555f6c4c55cced8.npy,cafebert_mean_encode,4.968598199993721,5636.7726018999965,5642.948424450009,3.5598485999944387,ok,,0.25123175233602524,0.82,-0.324334479543784,0.97,10,10
s3-cafebert-vietnamese-full-v1,4bbba1f8131d9c8ed741219255d2985be219ecc9b9368ad84e025bcac1cd840b,vntc-it,s3_combined,47,10,3571,5afd099ef11ba4e02ae098427f8f68a242b00bad2e8ad0726aa09f174164f53b,1.9639413500008231,4.211881200011703,5631.804003700003,E:\Development\NLP_S3\benchmark\cafebert_full\results\representation_cache\vntc-it_3571_87b6d555f6c4c55cced8.npy,cafebert_mean_encode,4.968622699991101,5636.772626399994,5642.948448950006,3.594467299990356,ok,,0.24495949670672418,0.85,-0.3145460264439858,0.97,10,10
s3-cafebert-vietnamese-full-v1,4bbba1f8131d9c8ed741219255d2985be219ecc9b9368ad84e025bcac1cd840b,vntc-it,lda,47,10,3571,5afd099ef11ba4e02ae098427f8f68a242b00bad2e8ad0726aa09f174164f53b,1.9639413500008231,0.0,0.5576125000079628,E:\Development\NLP_S3\benchmark\cafebert_full\results\representation_cache\vntc-it_3571_5afd099ef11b_lexical.npz,countvectorizer_fit_transform,15.96855800000776,16.526170500015724,18.490111850016547,7.952816200006055,ok,,0.12827167361974717,0.44,-0.00047240464133382274,1.0,10,10
s3-cafebert-vietnamese-full-v1,4bbba1f8131d9c8ed741219255d2985be219ecc9b9368ad84e025bcac1cd840b,vntc-it,nmf,47,10,3571,5afd099ef11ba4e02ae098427f8f68a242b00bad2e8ad0726aa09f174164f53b,1.9639413500008231,0.0,0.5576125000079628,E:\Development\NLP_S3\benchmark\cafebert_full\results\representation_cache\vntc-it_3571_5afd099ef11b_lexical.npz,countvectorizer_fit_transform,1.016803099992103,1.5744156000000658,3.538356950000889,8.40316809999058,ok,,0.12500048391520976,0.59,0.024575311302590254,1.0,10,10
s3-cafebert-vietnamese-full-v1,4bbba1f8131d9c8ed741219255d2985be219ecc9b9368ad84e025bcac1cd840b,vntc-it,bertopic_kmeans,47,10,3571,5afd099ef11ba4e02ae098427f8f68a242b00bad2e8ad0726aa09f174164f53b,1.9639413500008231,4.211881200011703,5631.804003700003,E:\Development\NLP_S3\benchmark\cafebert_full\results\representation_cache\vntc-it_3571_87b6d555f6c4c55cced8.npy,cafebert_mean_encode,19.30844100000104,5651.112444700004,5657.288267250016,3.5749517000076594,ok,,0.2266195610165596,0.37,-0.2253972753382151,1.0,10,10
s3-cafebert-vietnamese-full-v1,4bbba1f8131d9c8ed741219255d2985be219ecc9b9368ad84e025bcac1cd840b,vntc-it,s3_angular,47,20,3571,5afd099ef11ba4e02ae098427f8f68a242b00bad2e8ad0726aa09f174164f53b,1.9639413500008231,4.211881200011703,5631.804003700003,E:\Development\NLP_S3\benchmark\cafebert_full\results\representation_cache\vntc-it_3571_87b6d555f6c4c55cced8.npy,cafebert_mean_encode,0.9121188999852166,5632.716122599988,5638.8919451500005,3.961550799998804,ok,,0.2973829997703433,0.845,-0.3278818326892849,0.905,20,10
s3-cafebert-vietnamese-full-v1,4bbba1f8131d9c8ed741219255d2985be219ecc9b9368ad84e025bcac1cd840b,vntc-it,s3_combined,47,20,3571,5afd099ef11ba4e02ae098427f8f68a242b00bad2e8ad0726aa09f174164f53b,1.9639413500008231,4.211881200011703,5631.804003700003,E:\Development\NLP_S3\benchmark\cafebert_full\results\representation_cache\vntc-it_3571_87b6d555f6c4c55cced8.npy,cafebert_mean_encode,0.9115198999934364,5632.715523599996,5638.891346150009,4.119989600003464,ok,,0.2950789902359247,0.88,-0.3210760314128814,0.91,20,10
s3-cafebert-vietnamese-full-v1,4bbba1f8131d9c8ed741219255d2985be219ecc9b9368ad84e025bcac1cd840b,vntc-it,lda,47,20,3571,5afd099ef11ba4e02ae098427f8f68a242b00bad2e8ad0726aa09f174164f53b,1.9639413500008231,0.0,0.5576125000079628,E:\Development\NLP_S3\benchmark\cafebert_full\results\representation_cache\vntc-it_3571_5afd099ef11b_lexical.npz,countvectorizer_fit_transform,23.088892200001283,23.646504700009245,25.61044605001007,8.386318900011247,ok,,0.1290936402976513,0.435,0.023938227535700563,0.995,20,10
s3-cafebert-vietnamese-full-v1,4bbba1f8131d9c8ed741219255d2985be219ecc9b9368ad84e025bcac1cd840b,vntc-it,nmf,47,20,3571,5afd099ef11ba4e02ae098427f8f68a242b00bad2e8ad0726aa09f174164f53b,1.9639413500008231,0.0,0.5576125000079628,E:\Development\NLP_S3\benchmark\cafebert_full\results\representation_cache\vntc-it_3571_5afd099ef11b_lexical.npz,countvectorizer_fit_transform,1.7173586999997497,2.2749712000077125,4.238912550008536,9.315113699994981,ok,,0.1246317932382226,0.6,0.040461631279973084,1.0,20,10
s3-cafebert-vietnamese-full-v1,4bbba1f8131d9c8ed741219255d2985be219ecc9b9368ad84e025bcac1cd840b,vntc-it,bertopic_kmeans,47,20,3571,5afd099ef11ba4e02ae098427f8f68a242b00bad2e8ad0726aa09f174164f53b,1.9639413500008231,4.211881200011703,5631.804003700003,E:\Development\NLP_S3\benchmark\cafebert_full\results\representation_cache\vntc-it_3571_87b6d555f6c4c55cced8.npy,cafebert_mean_encode,19.27164659999835,5651.075650300001,5657.251472850014,4.083964699995704,ok,,0.20077864825725555,0.36,-0.21771703169532267,1.0,20,10
s3-cafebert-vietnamese-full-v1,4bbba1f8131d9c8ed741219255d2985be219ecc9b9368ad84e025bcac1cd840b,vntc-it,s3_axial,47,20,3571,5afd099ef11ba4e02ae098427f8f68a242b00bad2e8ad0726aa09f174164f53b,1.9639413500008231,4.211881200011703,5631.804003700003,E:\Development\NLP_S3\benchmark\cafebert_full\results\representation_cache\vntc-it_3571_87b6d555f6c4c55cced8.npy,cafebert_mean_encode,0.9098372999869753,5632.71384099999,5638.889663550002,4.163022900000215,ok,,0.28285703584551813,0.885,-0.312656764880933,0.915,20,10
s3-cafebert-vietnamese-full-v1,4bbba1f8131d9c8ed741219255d2985be219ecc9b9368ad84e025bcac1cd840b,vntc-it,s3_combined,47,30,3571,5afd099ef11ba4e02ae098427f8f68a242b00bad2e8ad0726aa09f174164f53b,1.9639413500008231,4.211881200011703,5631.804003700003,E:\Development\NLP_S3\benchmark\cafebert_full\results\representation_cache\vntc-it_3571_87b6d555f6c4c55cced8.npy,cafebert_mean_encode,1.7638237999926787,5633.5678274999955,5639.743650050008,5.111659299989697,ok,,0.2860144120951494,0.8633333333333333,-0.2933036333269294,0.9133333333333333,30,10
s3-cafebert-vietnamese-full-v1,4bbba1f8131d9c8ed741219255d2985be219ecc9b9368ad84e025bcac1cd840b,vntc-it,lda,47,30,3571,5afd099ef11ba4e02ae098427f8f68a242b00bad2e8ad0726aa09f174164f53b,1.9639413500008231,0.0,0.5576125000079628,E:\Development\NLP_S3\benchmark\cafebert_full\results\representation_cache\vntc-it_3571_5afd099ef11b_lexical.npz,countvectorizer_fit_transform,55.996121400006814,56.55373390001478,58.5176752500156,9.38938269999926,ok,,0.14514629033704599,0.48,0.04776936197633603,1.0,30,10
s3-cafebert-vietnamese-full-v1,4bbba1f8131d9c8ed741219255d2985be219ecc9b9368ad84e025bcac1cd840b,vntc-it,nmf,47,30,3571,5afd099ef11ba4e02ae098427f8f68a242b00bad2e8ad0726aa09f174164f53b,1.9639413500008231,0.0,0.5576125000079628,E:\Development\NLP_S3\benchmark\cafebert_full\results\representation_cache\vntc-it_3571_5afd099ef11b_lexical.npz,countvectorizer_fit_transform,2.8974549999984447,3.4550675000064075,5.419008850007231,10.556789000009303,ok,,0.1258757898584008,0.59,0.05703483555495984,0.9966666666666667,30,10
s3-cafebert-vietnamese-full-v1,4bbba1f8131d9c8ed741219255d2985be219ecc9b9368ad84e025bcac1cd840b,vntc-it,bertopic_kmeans,47,30,3571,5afd099ef11ba4e02ae098427f8f68a242b00bad2e8ad0726aa09f174164f53b,1.9639413500008231,4.211881200011703,5631.804003700003,E:\Development\NLP_S3\benchmark\cafebert_full\results\representation_cache\vntc-it_3571_87b6d555f6c4c55cced8.npy,cafebert_mean_encode,19.868062400011695,5651.6720661000145,5657.847888650027,4.472073099997942,ok,,0.23621462161342302,0.3933333333333333,-0.189745472090653,0.9966666666666667,30,10
s3-cafebert-vietnamese-full-v1,4bbba1f8131d9c8ed741219255d2985be219ecc9b9368ad84e025bcac1cd840b,vntc-it,s3_axial,47,30,3571,5afd099ef11ba4e02ae098427f8f68a242b00bad2e8ad0726aa09f174164f53b,1.9639413500008231,4.211881200011703,5631.804003700003,E:\Development\NLP_S3\benchmark\cafebert_full\results\representation_cache\vntc-it_3571_87b6d555f6c4c55cced8.npy,cafebert_mean_encode,1.761172099999385,5633.565175800002,5639.740998350015,5.284224400005769,ok,,0.2851657581826051,0.8533333333333334,-0.2865021819028176,0.92,30,10
s3-cafebert-vietnamese-full-v1,4bbba1f8131d9c8ed741219255d2985be219ecc9b9368ad84e025bcac1cd840b,vntc-it,s3_angular,47,30,3571,5afd099ef11ba4e02ae098427f8f68a242b00bad2e8ad0726aa09f174164f53b,1.9639413500008231,4.211881200011703,5631.804003700003,E:\Development\NLP_S3\benchmark\cafebert_full\results\representation_cache\vntc-it_3571_87b6d555f6c4c55cced8.npy,cafebert_mean_encode,1.7635022000031313,5633.567505900006,5639.743328450018,4.945808000004035,ok,,0.3048407221212983,0.8766666666666667,-0.3015444434546083,0.8766666666666667,30,10
s3-cafebert-vietnamese-full-v1,4bbba1f8131d9c8ed741219255d2985be219ecc9b9368ad84e025bcac1cd840b,vntc-it,lda,47,40,3571,5afd099ef11ba4e02ae098427f8f68a242b00bad2e8ad0726aa09f174164f53b,1.9639413500008231,0.0,0.5576125000079628,E:\Development\NLP_S3\benchmark\cafebert_full\results\representation_cache\vntc-it_3571_5afd099ef11b_lexical.npz,countvectorizer_fit_transform,105.01878050000232,105.57639300001028,107.54033435001111,9.1140921000042,ok,,0.13410126990638674,0.45,0.03559927016945075,0.995,40,10
s3-cafebert-vietnamese-full-v1,4bbba1f8131d9c8ed741219255d2985be219ecc9b9368ad84e025bcac1cd840b,vntc-it,nmf,47,40,3571,5afd099ef11ba4e02ae098427f8f68a242b00bad2e8ad0726aa09f174164f53b,1.9639413500008231,0.0,0.5576125000079628,E:\Development\NLP_S3\benchmark\cafebert_full\results\representation_cache\vntc-it_3571_5afd099ef11b_lexical.npz,countvectorizer_fit_transform,4.0838479999947594,4.641460500002722,6.605401850003545,11.500369000001228,ok,,0.13388224253430964,0.5675,0.05678774077684593,0.995,40,10
s3-cafebert-vietnamese-full-v1,4bbba1f8131d9c8ed741219255d2985be219ecc9b9368ad84e025bcac1cd840b,vntc-it,bertopic_kmeans,47,40,3571,5afd099ef11ba4e02ae098427f8f68a242b00bad2e8ad0726aa09f174164f53b,1.9639413500008231,4.211881200011703,5631.804003700003,E:\Development\NLP_S3\benchmark\cafebert_full\results\representation_cache\vntc-it_3571_87b6d555f6c4c55cced8.npy,cafebert_mean_encode,19.436651099997107,5651.2406548,5657.416477350012,4.650484400001005,ok,,0.20637035546824337,0.385,-0.18938831237595727,0.9975,40,10
s3-cafebert-vietnamese-full-v1,4bbba1f8131d9c8ed741219255d2985be219ecc9b9368ad84e025bcac1cd840b,vntc-it,s3_axial,47,40,3571,5afd099ef11ba4e02ae098427f8f68a242b00bad2e8ad0726aa09f174164f53b,1.9639413500008231,4.211881200011703,5631.804003700003,E:\Development\NLP_S3\benchmark\cafebert_full\results\representation_cache\vntc-it_3571_87b6d555f6c4c55cced8.npy,cafebert_mean_encode,0.8258295999985421,5632.629833300001,5638.805655850014,5.098965099998168,ok,,0.30045195333659647,0.8875,-0.3141424591894316,0.8975,40,10
s3-cafebert-vietnamese-full-v1,4bbba1f8131d9c8ed741219255d2985be219ecc9b9368ad84e025bcac1cd840b,vntc-it,s3_angular,47,40,3571,5afd099ef11ba4e02ae098427f8f68a242b00bad2e8ad0726aa09f174164f53b,1.9639413500008231,4.211881200011703,5631.804003700003,E:\Development\NLP_S3\benchmark\cafebert_full\results\representation_cache\vntc-it_3571_87b6d555f6c4c55cced8.npy,cafebert_mean_encode,0.830118500001845,5632.634122200005,5638.809944750017,4.967045800003689,ok,,0.31910116206854583,0.905,-0.32418117196414614,0.87,40,10
s3-cafebert-vietnamese-full-v1,4bbba1f8131d9c8ed741219255d2985be219ecc9b9368ad84e025bcac1cd840b,vntc-it,s3_combined,47,40,3571,5afd099ef11ba4e02ae098427f8f68a242b00bad2e8ad0726aa09f174164f53b,1.9639413500008231,4.211881200011703,5631.804003700003,E:\Development\NLP_S3\benchmark\cafebert_full\results\representation_cache\vntc-it_3571_87b6d555f6c4c55cced8.npy,cafebert_mean_encode,0.8282446999946842,5632.6322483999975,5638.80807095001,4.927322100003948,ok,,0.3103866602294147,0.885,-0.3226579556538791,0.885,40,10
s3-cafebert-vietnamese-full-v1,4bbba1f8131d9c8ed741219255d2985be219ecc9b9368ad84e025bcac1cd840b,vntc-it,nmf,47,50,3571,5afd099ef11ba4e02ae098427f8f68a242b00bad2e8ad0726aa09f174164f53b,1.9639413500008231,0.0,0.5576125000079628,E:\Development\NLP_S3\benchmark\cafebert_full\results\representation_cache\vntc-it_3571_5afd099ef11b_lexical.npz,countvectorizer_fit_transform,4.746172999992268,5.303785500000231,7.267726850001054,11.19201630000316,ok,,0.12745789173990488,0.542,0.06368261695636113,0.994,50,10
s3-cafebert-vietnamese-full-v1,4bbba1f8131d9c8ed741219255d2985be219ecc9b9368ad84e025bcac1cd840b,vntc-it,bertopic_kmeans,47,50,3571,5afd099ef11ba4e02ae098427f8f68a242b00bad2e8ad0726aa09f174164f53b,1.9639413500008231,4.211881200011703,5631.804003700003,E:\Development\NLP_S3\benchmark\cafebert_full\results\representation_cache\vntc-it_3571_87b6d555f6c4c55cced8.npy,cafebert_mean_encode,20.048688399998355,5651.852692100001,5658.028514650014,5.035010499996133,ok,,0.2134288455545902,0.384,-0.18018251651800465,0.994,50,10
s3-cafebert-vietnamese-full-v1,4bbba1f8131d9c8ed741219255d2985be219ecc9b9368ad84e025bcac1cd840b,vntc-it,s3_axial,47,50,3571,5afd099ef11ba4e02ae098427f8f68a242b00bad2e8ad0726aa09f174164f53b,1.9639413500008231,4.211881200011703,5631.804003700003,E:\Development\NLP_S3\benchmark\cafebert_full\results\representation_cache\vntc-it_3571_87b6d555f6c4c55cced8.npy,cafebert_mean_encode,1.136094299989054,5632.940097999992,5639.115920550004,5.282298100006301,ok,,0.3055029246211052,0.778,-0.3162430314125312,0.902,50,10
s3-cafebert-vietnamese-full-v1,4bbba1f8131d9c8ed741219255d2985be219ecc9b9368ad84e025bcac1cd840b,vntc-it,s3_angular,47,50,3571,5afd099ef11ba4e02ae098427f8f68a242b00bad2e8ad0726aa09f174164f53b,1.9639413500008231,4.211881200011703,5631.804003700003,E:\Development\NLP_S3\benchmark\cafebert_full\results\representation_cache\vntc-it_3571_87b6d555f6c4c55cced8.npy,cafebert_mean_encode,1.1388096999871777,5632.94281339999,5639.1186359500025,5.652927999995882,ok,,0.30514024406671525,0.842,-0.3179436984833355,0.894,50,10
s3-cafebert-vietnamese-full-v1,4bbba1f8131d9c8ed741219255d2985be219ecc9b9368ad84e025bcac1cd840b,vntc-it,s3_combined,47,50,3571,5afd099ef11ba4e02ae098427f8f68a242b00bad2e8ad0726aa09f174164f53b,1.9639413500008231,4.211881200011703,5631.804003700003,E:\Development\NLP_S3\benchmark\cafebert_full\results\representation_cache\vntc-it_3571_87b6d555f6c4c55cced8.npy,cafebert_mean_encode,1.1391049999947427,5632.9431086999975,5639.11893125001,5.519377100004931,ok,,0.31100231781601906,0.79,-0.3145979599476929,0.906,50,10
s3-cafebert-vietnamese-full-v1,4bbba1f8131d9c8ed741219255d2985be219ecc9b9368ad84e025bcac1cd840b,vntc-it,lda,47,50,3571,5afd099ef11ba4e02ae098427f8f68a242b00bad2e8ad0726aa09f174164f53b,1.9639413500008231,0.0,0.5576125000079628,E:\Development\NLP_S3\benchmark\cafebert_full\results\representation_cache\vntc-it_3571_5afd099ef11b_lexical.npz,countvectorizer_fit_transform,165.4848983999982,166.04251090000616,168.006452250007,9.678227700002026,ok,,0.14397893868386746,0.472,0.04031497102013902,0.994,50,10
